id,genre
31cc8ffa339078cb,Adventure
31cc8ffa339078cb,RPG
8ae0eb49b78c86ac,Adventure
8ae0eb49b78c86ac,Brawler
8ae0eb49b78c86ac,Indie
8ae0eb49b78c86ac,RPG
693b9ac6b20ded55,Adventure
693b9ac6b20ded55,RPG
0af8535462f8db9f,Adventure
0af8535462f8db9f,Indie
0af8535462f8db9f,RPG
0af8535462f8db9f,Turn Based Strategy
10f172c181b45c96,Adventure
10f172c181b45c96,Indie
10f172c181b45c96,Platform
3833438bd04fba8d,Adventure
3833438bd04fba8d,Simulator
9eb3c34f81ce58ef,Adventure
9eb3c34f81ce58ef,Indie
9eb3c34f81ce58ef,RPG
9eb3c34f81ce58ef,Turn Based Strategy
e7fe2fdd9a119bba,Adventure
e7fe2fdd9a119bba,Platform
0846c66934c2fd9a,Indie
0846c66934c2fd9a,Strategy
18d6822d06351269,Brawler
18d6822d06351269,RPG
60f75d179fcf43b4,Adventure
60f75d179fcf43b4,RPG
60f75d179fcf43b4,Turn Based Strategy
5b5747691b7ab44c,Adventure
5b5747691b7ab44c,Indie
aac3c89c95cb5082,Adventure
aac3c89c95cb5082,Brawler
aac3c89c95cb5082,RPG
1c41b7c43a2c7668,Adventure
1c41b7c43a2c7668,Platform
1c41b7c43a2c7668,Puzzle
1c41b7c43a2c7668,Shooter
cb9e37058a8f014f,Adventure
cb9e37058a8f014f,RPG
27221fac13b0170b,Adventure
27221fac13b0170b,Indie
27221fac13b0170b,Platform
846d5e38d5873c08,Adventure
846d5e38d5873c08,Brawler
846d5e38d5873c08,RPG
846d5e38d5873c08,Simulator
acba8fbfea26a3ff,Adventure
acba8fbfea26a3ff,RPG
acba8fbfea26a3ff,Shooter
d91ef68b4ade8341,Platform
d91ef68b4ade8341,Puzzle
d91ef68b4ade8341,Shooter
8322fb933c39d939,Adventure
8322fb933c39d939,Platform
ef96407428dc4162,Adventure
ef96407428dc4162,RPG
ef96407428dc4162,Turn Based Strategy
624220e1828767c6,Adventure
624220e1828767c6,Brawler
624220e1828767c6,Music
624220e1828767c6,Platform
8a562ebdb74bbab8,Adventure
8a562ebdb74bbab8,Brawler
8a562ebdb74bbab8,Shooter
8a562ebdb74bbab8,Strategy
0a5cb746a4784355,Adventure
0a5cb746a4784355,Shooter
183ebdfe9499750e,Adventure
183ebdfe9499750e,RPG
183ebdfe9499750e,Shooter
89ef99f600bb90b7,Adventure
89ef99f600bb90b7,Brawler
fee48940e4fe00ff,Adventure
fee48940e4fe00ff,RPG
c5fa85d4cf308804,Adventure
c5fa85d4cf308804,Platform
fa9f159695a079ad,Adventure
fa9f159695a079ad,Indie
fa9f159695a079ad,RPG
53114f8679f237da,Adventure
53114f8679f237da,Brawler
dc32c08d8970eee5,Adventure
dc32c08d8970eee5,RPG
dda51954ba280b45,Adventure
dda51954ba280b45,RPG
d5cf980a3a465a2c,Adventure
d5cf980a3a465a2c,Platform
1a60c4bd2a663a59,Fighting
1a60c4bd2a663a59,Platform
8df474b1f3075b65,Arcade
8df474b1f3075b65,Indie
8df474b1f3075b65,Platform
8df474b1f3075b65,Shooter
55c67fad3e2aec0b,Adventure
55c67fad3e2aec0b,Brawler
9a17a593e1cddc20,Adventure
9a17a593e1cddc20,RPG
9a17a593e1cddc20,Turn Based Strategy
26cb66a14ffcacb0,Adventure
26cb66a14ffcacb0,RPG
26cb66a14ffcacb0,Simulator
26cb66a14ffcacb0,Visual Novel
5beed094c61df592,Adventure
5beed094c61df592,RPG
65bed2a3e336c71f,Adventure
65bed2a3e336c71f,Indie
c566e7b42088a7d9,Adventure
c566e7b42088a7d9,Shooter
e6891dba3958ee86,Adventure
e6891dba3958ee86,Platform
c04ab2aaa5fea9e7,RPG
c04ab2aaa5fea9e7,Shooter
81f2b89941c47762,Adventure
81f2b89941c47762,Indie
81f2b89941c47762,Puzzle
81f2b89941c47762,Simulator
aa3964cdc33f165d,Adventure
aa3964cdc33f165d,Shooter
b7c6e99c6826edc5,Shooter
17996e36831d09c4,Adventure
17996e36831d09c4,RPG
17996e36831d09c4,Turn Based Strategy
87fcb0cc968de834,Brawler
87fcb0cc968de834,Shooter
db70c5a3cd5fec4a,Indie
db70c5a3cd5fec4a,RPG
db70c5a3cd5fec4a,Simulator
db70c5a3cd5fec4a,Strategy
0e687a5bf3034992,Adventure
0e687a5bf3034992,Shooter
654e21434c106142,Adventure
654e21434c106142,Puzzle
9b0ed4842b21d1d1,Adventure
9b0ed4842b21d1d1,RPG
742935e4267ad1ea,Adventure
742935e4267ad1ea,RPG
742935e4267ad1ea,Turn Based Strategy
3bc94c21e5ea4268,Shooter
70cfbc4816b7bed7,Adventure
70cfbc4816b7bed7,RPG
c22beb2dc5f8a41c,Indie
c22beb2dc5f8a41c,Platform
c22beb2dc5f8a41c,Shooter
c22beb2dc5f8a41c,Visual Novel
84b5c277c58f1802,Adventure
84b5c277c58f1802,Brawler
b5691cf2399f55da,Shooter
35d963894b407f39,Shooter
de661fcc0a8f5e4a,Adventure
de661fcc0a8f5e4a,RPG
b4e9721f9c988a2d,Adventure
b4e9721f9c988a2d,Platform
5699e41d6358ae26,Adventure
5699e41d6358ae26,Card & Board Game
5699e41d6358ae26,Indie
5699e41d6358ae26,Puzzle
5699e41d6358ae26,Strategy
ea16a65641218014,Adventure
ea16a65641218014,Indie
ea16a65641218014,Puzzle
ea16a65641218014,RPG
a5febb93f9b2e2bd,Adventure
a5febb93f9b2e2bd,RPG
48b7e7dadefa8cc2,Adventure
48b7e7dadefa8cc2,RPG
f669c62bc94ef6e2,Adventure
f669c62bc94ef6e2,Indie
f669c62bc94ef6e2,RPG
f669c62bc94ef6e2,Turn Based Strategy
e8ea16b328a15138,Adventure
e8ea16b328a15138,RPG
9e55f21933db0f25,Adventure
c0dd461eeae008cf,Adventure
c0dd461eeae008cf,Platform
e9713dc2799aecdf,Adventure
e9713dc2799aecdf,RPG
e9713dc2799aecdf,Shooter
c04dc0c338856a6f,Adventure
c04dc0c338856a6f,Brawler
357b42b5ccd8c6fe,Adventure
357b42b5ccd8c6fe,RPG
461f22fbe604ec2b,Adventure
461f22fbe604ec2b,RPG
461f22fbe604ec2b,Turn Based Strategy
29b7ce82daeba307,Adventure
29b7ce82daeba307,Platform
29b7ce82daeba307,RPG
3d757ff9c054d22e,Adventure
3d757ff9c054d22e,Platform
3d757ff9c054d22e,Shooter
4ccad22ace77b379,Adventure
4ccad22ace77b379,Platform
c037c7625c28e835,Adventure
2822726c2e6d4520,Adventure
4278ffcbff039940,Adventure
4278ffcbff039940,Shooter
78af40b082f7fb7c,Adventure
78af40b082f7fb7c,Indie
78af40b082f7fb7c,Platform
78af40b082f7fb7c,RPG
78af40b082f7fb7c,Strategy
7a1b70ed4b61c15a,Adventure
7a1b70ed4b61c15a,Shooter
47d5fcff4c154dc9,Adventure
47d5fcff4c154dc9,Shooter
47d5fcff4c154dc9,Tactical
971629d5c14da1bf,Shooter
971629d5c14da1bf,Strategy
b5d306220a617370,Shooter
9dc8639c4b970cee,Adventure
9dc8639c4b970cee,RPG
9dc8639c4b970cee,Strategy
9dc8639c4b970cee,Tactical
9dc8639c4b970cee,Turn Based Strategy
f7c767fd28506827,Adventure
f7c767fd28506827,Racing
f7c767fd28506827,Shooter
4237b65a140936e1,Adventure
4237b65a140936e1,Simulator
4237b65a140936e1,Strategy
4237b65a140936e1,Tactical
92168ba7ea36e4ac,RPG
92168ba7ea36e4ac,Simulator
92168ba7ea36e4ac,Visual Novel
187f6eacb360ea0e,Brawler
a7adce1ebd7f33e4,Arcade
a7adce1ebd7f33e4,Racing
92b5ef7bdb37b860,Adventure
92b5ef7bdb37b860,RPG
92b5ef7bdb37b860,Strategy
92b5ef7bdb37b860,Tactical
92b5ef7bdb37b860,Turn Based Strategy
0b76c4142c09c65f,Adventure
0b76c4142c09c65f,RPG
0b76c4142c09c65f,Turn Based Strategy
41f027be94a6cd7f,Arcade
41f027be94a6cd7f,Indie
41f027be94a6cd7f,Shooter
c785cdac41f542f8,Indie
c785cdac41f542f8,Platform
90c97a52406e0761,Adventure
90c97a52406e0761,Platform
b97ad3c3947e213c,Adventure
b97ad3c3947e213c,Platform
b97ad3c3947e213c,Shooter
a840fc846b7783bf,Adventure
a840fc846b7783bf,Shooter
8c9d81a90a6ed2ad,Adventure
8c9d81a90a6ed2ad,Brawler
d3c5fbf1baf448a7,Adventure
d3c5fbf1baf448a7,Platform
aa37071d81bdc33c,RPG
aa37071d81bdc33c,Turn Based Strategy
02bfc8acf4766aa4,Fighting
ee180754d4369f68,RPG
d46cb8314aa8439a,Adventure
d46cb8314aa8439a,Puzzle
d46cb8314aa8439a,Shooter
52fd2c9b5c4e3ef6,Adventure
52fd2c9b5c4e3ef6,RPG
52fd2c9b5c4e3ef6,Shooter
9a9a6a5d57c1f807,Adventure
9a9a6a5d57c1f807,Point-and-Click
9a9a6a5d57c1f807,Visual Novel
107b7a922be9e9ec,Adventure
107b7a922be9e9ec,Brawler
107b7a922be9e9ec,Indie
107b7a922be9e9ec,RPG
107b7a922be9e9ec,Simulator
107b7a922be9e9ec,Strategy
bd3e3f261258b008,Adventure
bd3e3f261258b008,Platform
626d53b431f9a608,Adventure
626d53b431f9a608,RPG
626d53b431f9a608,Shooter
3767f7841dccd0e3,Shooter
45b03866afef1b88,MOBA
45b03866afef1b88,RPG
45b03866afef1b88,Strategy
4b92befebf721b21,Adventure
4b92befebf721b21,Shooter
7b8e4f2db6132d2c,Adventure
7b8e4f2db6132d2c,Indie
7b8e4f2db6132d2c,Visual Novel
6a26ae0bdfc8044f,Adventure
6a26ae0bdfc8044f,Brawler
594539409247ec1f,Adventure
594539409247ec1f,Brawler
594539409247ec1f,RPG
7619023483aab15d,Adventure
7619023483aab15d,Point-and-Click
7619023483aab15d,Puzzle
7619023483aab15d,Visual Novel
5948573e8e532ed3,Shooter
12aa916e14ee3ef6,Adventure
12aa916e14ee3ef6,RPG
e3e8c3b9d389f48f,Platform
e3e8c3b9d389f48f,Shooter
9f1818755468447a,Arcade
1f2d38e3793c5a6c,Adventure
1f2d38e3793c5a6c,Arcade
1f2d38e3793c5a6c,Indie
1f2d38e3793c5a6c,Platform
1f2d38e3793c5a6c,Strategy
66047ac4a67c50a9,Adventure
66047ac4a67c50a9,RPG
e075f30cc06b05a9,Adventure
e075f30cc06b05a9,RPG
a16985341e1b8b87,Adventure
a16985341e1b8b87,Shooter
07d13847f64b3746,Adventure
07d13847f64b3746,Platform
07d13847f64b3746,Puzzle
7aca7914e33f285e,Arcade
7aca7914e33f285e,Brawler
7aca7914e33f285e,Indie
141ee7ce97ffbf98,Brawler
141ee7ce97ffbf98,Indie
429d0b6c349b8cd3,Platform
00c184c017bad775,Adventure
00c184c017bad775,RPG
aca5210aab655ace,Adventure
aca5210aab655ace,Shooter
aca5210aab655ace,Tactical
3077bea637d3f1ce,Adventure
3077bea637d3f1ce,Platform
a54f585483ea51b6,Adventure
a54f585483ea51b6,RPG
ab547b4ea091f1e1,Adventure
ab547b4ea091f1e1,Shooter
958096c5e7f4a7ce,Shooter
2bcce863bfad5db3,RPG
ea553918c9885efb,Adventure
ea553918c9885efb,Shooter
05cc48f473cdf129,Platform
49116921a53ff84b,Indie
49116921a53ff84b,Racing
49116921a53ff84b,Sport
60f90ab6a3214a95,Adventure
60f90ab6a3214a95,Brawler
b7f45ae818434ce0,Brawler
897cae5da2b211df,Adventure
897cae5da2b211df,RPG
897cae5da2b211df,Turn Based Strategy
c80cd2f9b1352812,Fighting
0c4ddd7bbad81daf,Simulator
0c4ddd7bbad81daf,Sport
1e592f4f42f7ec69,Adventure
1e592f4f42f7ec69,RPG
b99bdf26b05b1fb2,Racing
98d76e96e2b684d0,Adventure
98d76e96e2b684d0,Shooter
75452fa639d8c286,Indie
75452fa639d8c286,Point-and-Click
75452fa639d8c286,Puzzle
75452fa639d8c286,Simulator
b48904333db48212,Adventure
b48904333db48212,RPG
b48904333db48212,Shooter
27c5ff0dd3742627,Adventure
27c5ff0dd3742627,RPG
29b8545ecd26b632,Adventure
29b8545ecd26b632,Indie
29b8545ecd26b632,RPG
29b8545ecd26b632,Turn Based Strategy
5bfbe89c5c0605a5,Adventure
5bfbe89c5c0605a5,RPG
5bfbe89c5c0605a5,Shooter
877450bfee584bda,Adventure
877450bfee584bda,Platform
877450bfee584bda,Puzzle
877450bfee584bda,Shooter
e893c1010081dc1c,Adventure
e893c1010081dc1c,Platform
9fe801b49ac49f00,Adventure
9fe801b49ac49f00,Platform
bb01fb3d9394ce3e,Adventure
bb01fb3d9394ce3e,Indie
bb01fb3d9394ce3e,Puzzle
08e5d4b18457e034,Adventure
08e5d4b18457e034,Brawler
08e5d4b18457e034,RPG
6d868c3a9dc2ef34,Adventure
6d868c3a9dc2ef34,RPG
6d868c3a9dc2ef34,Turn Based Strategy
a281c9bfec6f15f1,Brawler
a281c9bfec6f15f1,RPG
e2fcc69a1ae8d52e,Adventure
e2fcc69a1ae8d52e,Platform
57b37711c7dfdfc6,Adventure
57b37711c7dfdfc6,RPG
57b37711c7dfdfc6,Turn Based Strategy
e90cfe3370ef52c8,Shooter
5616276dd69ede81,Adventure
5616276dd69ede81,Platform
d640ab544f08e97f,Adventure
d640ab544f08e97f,Platform
d640ab544f08e97f,Puzzle
0e1f10dea814eb33,Adventure
0e1f10dea814eb33,RPG
4f2184c7e6f31c0d,Adventure
4f2184c7e6f31c0d,Brawler
4f2184c7e6f31c0d,Strategy
fa191e68c31a257c,Adventure
fa191e68c31a257c,Puzzle
691c13bfd39f0923,Adventure
691c13bfd39f0923,RPG
8b8307d4b8b7c766,Adventure
8b8307d4b8b7c766,Brawler
8b8307d4b8b7c766,RPG
770ce0c3ee5c1453,Adventure
770ce0c3ee5c1453,Indie
770ce0c3ee5c1453,Platform
770ce0c3ee5c1453,Puzzle
60f738ae55f076fa,Adventure
60f738ae55f076fa,RPG
60f738ae55f076fa,Turn Based Strategy
8b552815ab8bd47f,Adventure
8b552815ab8bd47f,RPG
2c07be4597c1962d,Adventure
2c07be4597c1962d,Shooter
4a9c6ff48c4dae65,Adventure
4a9c6ff48c4dae65,Racing
4a9c6ff48c4dae65,Shooter
f63a67b1c5e20ea7,Adventure
f63a67b1c5e20ea7,Platform
f63a67b1c5e20ea7,Shooter
93e1dcef16b6659d,Adventure
93e1dcef16b6659d,RPG
9bcd43bfb27a85b1,Adventure
9bcd43bfb27a85b1,Point-and-Click
9bcd43bfb27a85b1,Visual Novel
0f5702bd833f5a3b,RPG
0f5702bd833f5a3b,Turn Based Strategy
23fc9b02d8f3d95d,Shooter
c507bfb906375077,Adventure
c507bfb906375077,Platform
c507bfb906375077,Shooter
bf48fb575e423048,Adventure
bf48fb575e423048,RPG
8af3000aeccd8fcb,Adventure
8af3000aeccd8fcb,Indie
8af3000aeccd8fcb,Simulator
8af3000aeccd8fcb,Visual Novel
4c112384481154d8,Adventure
4c112384481154d8,Indie
4c112384481154d8,Platform
f9fa0f1e44fd625a,Adventure
f9fa0f1e44fd625a,Shooter
ffc6feb47f31ab46,Adventure
ffc6feb47f31ab46,Simulator
527b347a4cfe05ec,Fighting
527b347a4cfe05ec,Indie
527b347a4cfe05ec,Puzzle
527b347a4cfe05ec,Shooter
527b347a4cfe05ec,Tactical
9c4e9fb0de9f3343,Puzzle
9c4e9fb0de9f3343,Real Time Strategy
9c4e9fb0de9f3343,Simulator
9c4e9fb0de9f3343,Strategy
9c4e9fb0de9f3343,Tactical
4c3dae579dca3256,Adventure
4c3dae579dca3256,Platform
4c3dae579dca3256,Puzzle
7b1188270e563e54,Adventure
7b1188270e563e54,RPG
559be9b53963e345,Adventure
559be9b53963e345,RPG
641ebce80064cd41,Adventure
c720f274a378b797,Adventure
c720f274a378b797,Platform
2d0f8e88ffcdd006,Adventure
2d0f8e88ffcdd006,RPG
782068ba22444df6,Shooter
086f0bc07c98ed57,Adventure
086f0bc07c98ed57,Platform
086f0bc07c98ed57,Shooter
3207be09f0cb334e,Adventure
3207be09f0cb334e,RPG
3207be09f0cb334e,Turn Based Strategy
c69ab9a5a571ccef,Adventure
c69ab9a5a571ccef,Indie
eca23f8632efb114,Adventure
055dac9a6a7e9400,Adventure
055dac9a6a7e9400,Puzzle
055dac9a6a7e9400,Visual Novel
ad6a46cc23311785,Adventure
ad6a46cc23311785,Puzzle
6a51e872a509984b,Adventure
6a51e872a509984b,RPG
da379202e9df6526,Adventure
da379202e9df6526,RPG
da379202e9df6526,Turn Based Strategy
284e9fb5426fd482,Adventure
284e9fb5426fd482,Brawler
284e9fb5426fd482,Platform
5c85c8014d9162d3,Adventure
5c85c8014d9162d3,RPG
5c85c8014d9162d3,Shooter
594c1bf811d6f186,Racing
9bcd44a00704291b,Adventure
9bcd44a00704291b,RPG
9bcd44a00704291b,Shooter
9bcd44a00704291b,Strategy
a740f35c8b34aa92,Brawler
9d3028a1440e404c,Adventure
9d3028a1440e404c,Platform
4b4847842a43e72d,Adventure
4b4847842a43e72d,Platform
6b12b4ca85cce61d,Shooter
cf78b9ffd80cd792,Adventure
cf78b9ffd80cd792,RPG
075ca276e99a819b,Adventure
075ca276e99a819b,Platform
075ca276e99a819b,Shooter
776b4e4751c5effb,Adventure
776b4e4751c5effb,Indie
b36f3d0aebcb210a,Shooter
334c3ef9d004a4ad,Adventure
334c3ef9d004a4ad,Platform
0ac1fa65dfabaa59,Adventure
0ac1fa65dfabaa59,Indie
0ac1fa65dfabaa59,RPG
60f23d8f00fd7661,Adventure
60f23d8f00fd7661,RPG
60f23d8f00fd7661,Simulator
03ee1b0f7af484ea,Indie
03ee1b0f7af484ea,Simulator
7c33a9495bfad05f,Adventure
7c33a9495bfad05f,Shooter
e3f158917e8718cd,RPG
e3f158917e8718cd,Shooter
de0991e6c2141669,Adventure
de0991e6c2141669,RPG
de0991e6c2141669,Shooter
f68100130f442d93,RPG
2b6606afe7b0fe65,Adventure
2b6606afe7b0fe65,Arcade
2b6606afe7b0fe65,Indie
2b6606afe7b0fe65,Shooter
8b825feab717f73a,Adventure
8b825feab717f73a,Indie
8b825feab717f73a,Visual Novel
0a99994d0e812576,Adventure
0a99994d0e812576,Indie
0a99994d0e812576,Platform
2fdf4d51dabcdfcd,Adventure
2fdf4d51dabcdfcd,Indie
addc617b8724064f,Adventure
addc617b8724064f,RPG
f08a6ca5d84109b5,Adventure
f08a6ca5d84109b5,Brawler
f08a6ca5d84109b5,Indie
f08a6ca5d84109b5,Platform
f08a6ca5d84109b5,RPG
528d02140380c8e1,Adventure
528d02140380c8e1,RPG
528d02140380c8e1,Strategy
6e111800535866be,Indie
6e111800535866be,Point-and-Click
6e111800535866be,Simulator
13276bfbb35bb514,Adventure
13276bfbb35bb514,Shooter
b8eafc813bec9f54,Adventure
b8eafc813bec9f54,Brawler
b8eafc813bec9f54,Shooter
e29993277b701f30,Adventure
e29993277b701f30,Shooter
fb0da607a63fbf82,Adventure
fb0da607a63fbf82,Indie
fb0da607a63fbf82,Platform
c8ff9b79d6c440f7,Adventure
c8ff9b79d6c440f7,RPG
c8ff9b79d6c440f7,Shooter
c8ff9b79d6c440f7,Strategy
da6097e505c8a074,Adventure
da6097e505c8a074,Indie
da6097e505c8a074,Puzzle
e259a344bd1aa8c9,Adventure
e259a344bd1aa8c9,RPG
8544b2ac4ba0af15,Adventure
8544b2ac4ba0af15,Platform
aed91aaa5571306e,Arcade
aed91aaa5571306e,Puzzle
22a1e136b543c1b9,Shooter
22a1e136b543c1b9,Tactical
3ac7017360d328df,Adventure
3ac7017360d328df,Platform
3577147ab3e3ef51,Adventure
3577147ab3e3ef51,Platform
3577147ab3e3ef51,Shooter
2e296f8edc64f129,Adventure
2e296f8edc64f129,Visual Novel
735aba0f472967dc,Adventure
735aba0f472967dc,Indie
bfb24480ad9bf8e5,Shooter
440cd606ae6e0900,Adventure
440cd606ae6e0900,Indie
440cd606ae6e0900,Point-and-Click
440cd606ae6e0900,Simulator
440cd606ae6e0900,Strategy
7aa9ff8c758773e1,Adventure
7aa9ff8c758773e1,Platform
f41969506beb8f95,Adventure
f41969506beb8f95,RPG
f41969506beb8f95,Turn Based Strategy
376a289609b76b38,Adventure
376a289609b76b38,Indie
a326aba30e5c9a5d,Adventure
a326aba30e5c9a5d,Shooter
a326aba30e5c9a5d,Tactical
827cb4e886bc8c9d,Adventure
827cb4e886bc8c9d,Indie
827cb4e886bc8c9d,Platform
827cb4e886bc8c9d,Puzzle
827cb4e886bc8c9d,RPG
15e27ac89042331e,Fighting
15e27ac89042331e,Platform
313ec54ad2a380f6,Platform
b6d6bf77a9ef36a7,Fighting
4775a8f64f6fd0cd,Adventure
4775a8f64f6fd0cd,Visual Novel
85ed3b50321bcb37,Adventure
85ed3b50321bcb37,Brawler
85ed3b50321bcb37,Platform
85ed3b50321bcb37,RPG
85ed3b50321bcb37,Shooter
dd797019f11966f8,Adventure
dd797019f11966f8,Indie
dd797019f11966f8,Puzzle
dd797019f11966f8,Shooter
f89a4c283afa0d4e,Adventure
ae36d117e2af3dd4,RPG
ae36d117e2af3dd4,Simulator
ae36d117e2af3dd4,Visual Novel
9a9eb27e667420f7,Puzzle
9a9eb27e667420f7,Quiz/Trivia
a04dcd585c8ce409,RPG
a04dcd585c8ce409,Simulator
4b029c1a83fb2ad5,Adventure
4b029c1a83fb2ad5,Shooter
4b029c1a83fb2ad5,Tactical
8d6727d81848d8c2,Adventure
8d6727d81848d8c2,Platform
8d6727d81848d8c2,Strategy
d51d08eb32ec6f8c,Adventure
d51d08eb32ec6f8c,Indie
d51d08eb32ec6f8c,Point-and-Click
d51d08eb32ec6f8c,Puzzle
d51d08eb32ec6f8c,RPG
dcaa9169370d9c6d,Indie
dcaa9169370d9c6d,Puzzle
dcaa9169370d9c6d,Strategy
f61357d2066a3451,Adventure
f61357d2066a3451,RPG
1fe38c70f4d34551,Fighting
1fe38c70f4d34551,Platform
a934bc8b787bcff7,Adventure
a934bc8b787bcff7,Platform
cb78b6da382a8dc1,Shooter
49bb160dbc44ab80,Adventure
49bb160dbc44ab80,Brawler
49bb160dbc44ab80,RPG
7ffee2c7b0956fe6,Adventure
7ffee2c7b0956fe6,Platform
0957833426f623ee,Adventure
0957833426f623ee,Puzzle
0957833426f623ee,Simulator
0957833426f623ee,Visual Novel
ef6c2e9e42eaef96,Adventure
ef6c2e9e42eaef96,Platform
ef6c2e9e42eaef96,Shooter
e65d0add62b31c6e,Adventure
e65d0add62b31c6e,RPG
92cdf48d69a0e9f9,Adventure
92cdf48d69a0e9f9,Brawler
0d48bfc617f713e9,Adventure
0d48bfc617f713e9,Platform
d9033cc6941ba255,Adventure
d9033cc6941ba255,Puzzle
8b650c16cf0c0f43,Adventure
8b650c16cf0c0f43,Puzzle
0cf1a04563416f12,Adventure
0cf1a04563416f12,Platform
0cf1a04563416f12,Shooter
d201148e111a7dd2,Adventure
d201148e111a7dd2,RPG
cd5ace99727fc679,Adventure
cd5ace99727fc679,Platform
d26dc9b74807ff53,Adventure
6d53daa98fbd2e39,Adventure
6d53daa98fbd2e39,RPG
6d53daa98fbd2e39,Turn Based Strategy
a6f00537b48073fd,Adventure
a6f00537b48073fd,Indie
a6f00537b48073fd,Point-and-Click
a6f00537b48073fd,RPG
a6f00537b48073fd,Simulator
a6f00537b48073fd,Visual Novel
2eea3638eeb367e9,RPG
2eea3638eeb367e9,Shooter
fc8999e1112c58b0,Adventure
fc8999e1112c58b0,Indie
fc8999e1112c58b0,Platform
0cf5a2596db8892f,Platform
7ce5bc3bf60057bc,Adventure
7ce5bc3bf60057bc,Shooter
2b04a05f2ab156f3,Platform
2b04a05f2ab156f3,RPG
ffd005013c2ee556,Adventure
ffd005013c2ee556,Platform
ffd005013c2ee556,Shooter
a31b465d48e5d3c5,Adventure
a31b465d48e5d3c5,Shooter
ab232ab41b61ebec,Adventure
ab232ab41b61ebec,RPG
ab232ab41b61ebec,Shooter
6fb442e816b39e44,Adventure
6fb442e816b39e44,Indie
6fb442e816b39e44,Simulator
4f2552d168fd9a84,Adventure
4f2552d168fd9a84,RPG
be15009b6ccf2c0e,Adventure
be15009b6ccf2c0e,Shooter
a78a0664b7426d06,Adventure
a78a0664b7426d06,Shooter
a78a0664b7426d06,Tactical
311dac57d57d2263,Music
64c608f703fa38b2,Indie
64c608f703fa38b2,Music
2df0599ce62ac558,Adventure
2df0599ce62ac558,RPG
6bb344633dd21509,Adventure
6bb344633dd21509,RPG
44edd10833759ad1,Brawler
44edd10833759ad1,RPG
44edd10833759ad1,Simulator
44edd10833759ad1,Strategy
44edd10833759ad1,Tactical
13e9a9bc82597456,Fighting
73c08dddcad78cbc,Adventure
73c08dddcad78cbc,RPG
73c08dddcad78cbc,Strategy
73c08dddcad78cbc,Turn Based Strategy
d8db95dc7e80da59,Adventure
d8db95dc7e80da59,Platform
d8db95dc7e80da59,RPG
ff293d98ba9c9d66,Adventure
ff293d98ba9c9d66,Brawler
538be7c86a6cdfbc,Adventure
538be7c86a6cdfbc,Brawler
9121b3c05f8a8a50,RPG
8b468c92fee6f2f7,Adventure
8b468c92fee6f2f7,RPG
3d8db6760fc6eb3b,Adventure
3d8db6760fc6eb3b,Indie
3d8db6760fc6eb3b,Puzzle
367bf8353de44dda,Brawler
367bf8353de44dda,RPG
9554ba5a83bb8d62,Platform
b1885b09b5fcbc63,RPG
b1885b09b5fcbc63,Strategy
b1885b09b5fcbc63,Tactical
dca38265209dd605,Adventure
dca38265209dd605,Brawler
dca38265209dd605,Puzzle
facadcd3fb4a6316,Adventure
facadcd3fb4a6316,Platform
c4ad2dfeedb53aa0,Adventure
c4ad2dfeedb53aa0,RPG
c4ad2dfeedb53aa0,Strategy
c4ad2dfeedb53aa0,Turn Based Strategy
f54f7201d2c984d1,Adventure
f54f7201d2c984d1,RPG
8690deb164726e38,Shooter
b951217c0c627936,Fighting
0a60801e8c9a844e,Arcade
01eb439dc6210320,Adventure
5923ee39039a58ff,Adventure
5923ee39039a58ff,RPG
5923ee39039a58ff,Simulator
5923ee39039a58ff,Strategy
5923ee39039a58ff,Turn Based Strategy
c8265c3c598bee6b,Adventure
c8265c3c598bee6b,Indie
c8265c3c598bee6b,Platform
c8265c3c598bee6b,Simulator
dd099fc9d8059494,Adventure
dd099fc9d8059494,Platform
dd099fc9d8059494,Puzzle
a7140ae9ddc7e2c1,Adventure
a7140ae9ddc7e2c1,RPG
a7140ae9ddc7e2c1,Shooter
8194fc7c5c6d0b0a,Strategy
8194fc7c5c6d0b0a,Tactical
13028a4fe3afadac,Adventure
13028a4fe3afadac,Arcade
13028a4fe3afadac,Indie
13028a4fe3afadac,Music
d4e30f26f6e8b955,Adventure
d4e30f26f6e8b955,RPG
d4e30f26f6e8b955,Shooter
972763f1d3ee6d04,Fighting
972763f1d3ee6d04,Visual Novel
9efc454ef2aff18a,Arcade
9efc454ef2aff18a,Indie
9efc454ef2aff18a,RPG
dbc2eac313cf4958,Adventure
dbc2eac313cf4958,Platform
a879675923aef853,RPG
a879675923aef853,Shooter
a72d5ad39558adf0,Adventure
a72d5ad39558adf0,Shooter
b7d21e222a7a4764,Adventure
b7d21e222a7a4764,Puzzle
b7d21e222a7a4764,RPG
27a459c628cb172e,Adventure
27a459c628cb172e,Puzzle
f3e6722d5ec168fd,Fighting
f3e6722d5ec168fd,Platform
64dad1b1d14c9e62,RPG
64dad1b1d14c9e62,Shooter
d0452ae0b573a3e9,Adventure
d0452ae0b573a3e9,Brawler
0af4bb01258b97b4,Adventure
0af4bb01258b97b4,Brawler
0af4bb01258b97b4,RPG
035b501d43c1e59e,Platform
cbbc09428e6bf925,Adventure
cbbc09428e6bf925,Shooter
ba2754b30ffbe082,Adventure
ba2754b30ffbe082,Visual Novel
4de19c177d1bddc9,Adventure
4de19c177d1bddc9,Indie
6b0404ee6ed377dd,Adventure
6b0404ee6ed377dd,Arcade
6b0404ee6ed377dd,Indie
6b0404ee6ed377dd,RPG
6b0404ee6ed377dd,Shooter
d4d148f02cbdae09,Adventure
9f08185dc0442579,Adventure
9f08185dc0442579,Puzzle
b89ca3d8ab3a4695,Racing
a9702e951e2f48aa,Adventure
a9702e951e2f48aa,Brawler
a9702e951e2f48aa,Indie
a9702e951e2f48aa,RPG
5ef6311e2c6f8486,Adventure
5ef6311e2c6f8486,Indie
5ef6311e2c6f8486,Platform
5ef6311e2c6f8486,RPG
f1843c895d7ad65d,Card & Board Game
044ddf81ff5cf707,Adventure
077786c3a617d098,Racing
ffa9ce087e96f641,RPG
ffa9ce087e96f641,Turn Based Strategy
678474b06eb3deab,Adventure
678474b06eb3deab,Indie
678474b06eb3deab,Point-and-Click
678474b06eb3deab,Puzzle
3c18b014fadf91fc,Adventure
3c18b014fadf91fc,Puzzle
7edda6debcde0d1a,Adventure
7edda6debcde0d1a,RPG
f8b4407cf4e56f2b,Adventure
f8b4407cf4e56f2b,Indie
f8b4407cf4e56f2b,RPG
f8b4407cf4e56f2b,Strategy
f8b4407cf4e56f2b,Turn Based Strategy
d3fb5b208bdc9e99,Adventure
d3fb5b208bdc9e99,Shooter
49df512fa0aef70c,Adventure
49df512fa0aef70c,Music
49df512fa0aef70c,Shooter
26d3e1d495290de9,Shooter
e756703edfd630ee,Adventure
e756703edfd630ee,RPG
1fc0a00e0ff7fa48,Adventure
1fc0a00e0ff7fa48,Shooter
a8f0f73526670e1e,Adventure
a8f0f73526670e1e,Shooter
bcf12c94a5d97384,Adventure
bcf12c94a5d97384,Simulator
c6fa0d56757a506d,Shooter
92cb6d9d83859b45,Adventure
92cb6d9d83859b45,Shooter
5b936fb68098e074,Adventure
5b936fb68098e074,RPG
5b936fb68098e074,Shooter
5b936fb68098e074,Simulator
5b936fb68098e074,Strategy
964a41a01a9e4071,Adventure
964a41a01a9e4071,Point-and-Click
964a41a01a9e4071,Puzzle
7fbe855a9a40c3fd,Adventure
7fbe855a9a40c3fd,RPG
fb4f0491507330bb,Shooter
41276ab148fd34d9,Adventure
41276ab148fd34d9,RPG
0e72c492cbe040fd,Adventure
0e72c492cbe040fd,Indie
0e72c492cbe040fd,Shooter
74ebe081194fabb2,Adventure
74ebe081194fabb2,RPG
130cfb44146444be,Adventure
130cfb44146444be,Indie
130cfb44146444be,Shooter
130cfb44146444be,Sport
c6f871810e095079,RPG
d04742936c71d867,Adventure
d04742936c71d867,RPG
d04742936c71d867,Strategy
d04742936c71d867,Turn Based Strategy
95596895374da68d,Card & Board Game
95596895374da68d,Simulator
95596895374da68d,Strategy
ae9d31283afde60c,Adventure
ae9d31283afde60c,Fighting
8890e4a4277420b9,Arcade
d4a46ddc119ba5fc,RPG
d4a46ddc119ba5fc,Strategy
72b65b755d712794,Fighting
40b769ce42362b60,RPG
0717ea75628a9227,Adventure
0717ea75628a9227,Brawler
0717ea75628a9227,RPG
4bfb132bd9709dc7,Adventure
4bfb132bd9709dc7,Indie
4bfb132bd9709dc7,Platform
a63c7344419044bb,Adventure
a63c7344419044bb,RPG
e44cfb4482cfbafa,Adventure
e44cfb4482cfbafa,Platform
1bbeab9eb6a19d53,Arcade
1bbeab9eb6a19d53,Fighting
7ef603e1c9a13207,Adventure
7ef603e1c9a13207,Point-and-Click
7ef603e1c9a13207,Puzzle
66d77279b8de3325,RPG
66d77279b8de3325,Shooter
21add6da76c86039,Adventure
21add6da76c86039,Platform
8424cf43eb66ec34,Adventure
8424cf43eb66ec34,Indie
8424cf43eb66ec34,Puzzle
8424cf43eb66ec34,RPG
72f015e58f3ae548,Shooter
35a451fe3356200f,Adventure
35a451fe3356200f,Indie
35a451fe3356200f,Puzzle
35a451fe3356200f,Simulator
35a451fe3356200f,Strategy
95647d6eb603721f,Adventure
95647d6eb603721f,Platform
1f27a2c6e3f7e1cf,Adventure
1f27a2c6e3f7e1cf,Shooter
66abf09a5f3ba4a7,Adventure
66abf09a5f3ba4a7,RPG
66abf09a5f3ba4a7,Turn Based Strategy
6002fc7d3d722271,Card & Board Game
6002fc7d3d722271,Indie
6002fc7d3d722271,Puzzle
6002fc7d3d722271,RPG
6002fc7d3d722271,Simulator
6002fc7d3d722271,Strategy
6002fc7d3d722271,Turn Based Strategy
7e06753046f1a20a,Card & Board Game
7e06753046f1a20a,Strategy
021df2329d06b19a,Adventure
021df2329d06b19a,RPG
01111441181e513d,Adventure
01111441181e513d,Indie
01111441181e513d,Point-and-Click
01111441181e513d,Simulator
01111441181e513d,Strategy
282f02e72064ea85,Fighting
ce2eb5f8e9aa5bd2,Adventure
ce2eb5f8e9aa5bd2,Visual Novel
d89c435094df8b0d,Adventure
d89c435094df8b0d,RPG
d1b12527e21b7121,Brawler
8f913243fef9b3a2,RPG
684234d4872e91b6,Adventure
684234d4872e91b6,Indie
684234d4872e91b6,Platform
684234d4872e91b6,RPG
ca9b7f7692da580c,Adventure
ca9b7f7692da580c,Puzzle
ca9b7f7692da580c,RPG
dd76ce29c5f0a766,Adventure
dd76ce29c5f0a766,Platform
21f3c22ab32fea2a,Adventure
7b7d8150270dbcb1,Adventure
7b7d8150270dbcb1,Platform
7b7d8150270dbcb1,Shooter
e7e9322be13944ea,Shooter
e7e9322be13944ea,Strategy
d181eb4192d584b7,Adventure
d181eb4192d584b7,RPG
945f6b5f9648ebe1,Sport
6e7c91b4092488f9,Adventure
6e7c91b4092488f9,RPG
6e7c91b4092488f9,Strategy
9b95d897da2a529c,Shooter
f27d1d74c85c960d,Simulator
f27d1d74c85c960d,Sport
949d9bd4005b8c47,Racing
5db2ad840f5dc24f,Adventure
5db2ad840f5dc24f,Puzzle
5db2ad840f5dc24f,RPG
5db2ad840f5dc24f,Strategy
5db2ad840f5dc24f,Visual Novel
4434f58ff737449e,Adventure
4434f58ff737449e,RPG
4434f58ff737449e,Shooter
0f8049840e344be8,Music
0f8049840e344be8,Simulator
6cab829fb23af87c,Simulator
6cab829fb23af87c,Strategy
6cab829fb23af87c,Turn Based Strategy
e7cf97c82b233ad5,Adventure
e7cf97c82b233ad5,Brawler
e7cf97c82b233ad5,RPG
cb179978828ccc33,Shooter
1d7e42577e323c30,RPG
1d7e42577e323c30,Strategy
1d7e42577e323c30,Tactical
1d7e42577e323c30,Turn Based Strategy
67e77ee20b2b30e9,Adventure
67e77ee20b2b30e9,Indie
67e77ee20b2b30e9,Music
67e77ee20b2b30e9,Puzzle
67e77ee20b2b30e9,RPG
131c66f756f3cf20,Fighting
516afa44f30f6abb,Adventure
516afa44f30f6abb,Shooter
26111e8ea879be07,Adventure
26111e8ea879be07,RPG
26111e8ea879be07,Shooter
d4639236e00372d0,Adventure
d4639236e00372d0,RPG
d4639236e00372d0,Simulator
d4639236e00372d0,Visual Novel
73520b8fc86a4d13,Adventure
73520b8fc86a4d13,Shooter
5f74b16423cb2d3a,Adventure
5f74b16423cb2d3a,RPG
961c0be4d6625a6b,Adventure
961c0be4d6625a6b,Indie
961c0be4d6625a6b,Music
961c0be4d6625a6b,RPG
a01f0579b0273694,Adventure
a01f0579b0273694,Indie
a01f0579b0273694,Simulator
a01f0579b0273694,Strategy
a134380e08b50ba7,Adventure
a134380e08b50ba7,RPG
a134380e08b50ba7,Strategy
1b23ef8157579dd6,Adventure
1b23ef8157579dd6,Brawler
0d7643861534d305,Adventure
0d7643861534d305,RPG
0d7643861534d305,Turn Based Strategy
c16a0c90ef841b18,RPG
c16a0c90ef841b18,Strategy
c16a0c90ef841b18,Tactical
c16a0c90ef841b18,Turn Based Strategy
127dccc98d5d8b7e,Indie
127dccc98d5d8b7e,RPG
127dccc98d5d8b7e,Simulator
127dccc98d5d8b7e,Strategy
127dccc98d5d8b7e,Turn Based Strategy
3f7a602f8efb8d39,Adventure
3f7a602f8efb8d39,Platform
3f7a602f8efb8d39,Shooter
2b49567fdcff2328,Adventure
2b49567fdcff2328,RPG
2b49567fdcff2328,Strategy
2b49567fdcff2328,Visual Novel
466148dc467bed94,Adventure
466148dc467bed94,Indie
466148dc467bed94,RPG
466148dc467bed94,Visual Novel
df646087e6aa3de2,Shooter
df646087e6aa3de2,Strategy
57193e4ee630b824,Adventure
57193e4ee630b824,Shooter
4856a4a01c230eed,Brawler
4856a4a01c230eed,Platform
3ff27ab87b3b0edc,Adventure
3ff27ab87b3b0edc,Puzzle
a05613f4b2969d6a,Shooter
a05613f4b2969d6a,Simulator
2057e1447f5be7ee,Fighting
3973996087afbe6a,Adventure
3973996087afbe6a,Brawler
3973996087afbe6a,Shooter
a1727b25f4fa1977,Adventure
5a8f51c99683dfa7,Adventure
5a8f51c99683dfa7,Indie
5a8f51c99683dfa7,Point-and-Click
5a8f51c99683dfa7,Puzzle
7f5ae4f6127a76ba,Brawler
7f5ae4f6127a76ba,RPG
3081ab33e357acad,Adventure
3081ab33e357acad,Brawler
3081ab33e357acad,Platform
3081ab33e357acad,RPG
f20a23cbfb5b3411,Adventure
f20a23cbfb5b3411,Shooter
06841e2b0d5355df,Adventure
06841e2b0d5355df,Brawler
06841e2b0d5355df,Platform
d641b97c2d21f064,Adventure
d641b97c2d21f064,Indie
d641b97c2d21f064,Platform
836861410a164fac,Platform
e6d323ef2bb2aadf,Arcade
e6d323ef2bb2aadf,Platform
e6d323ef2bb2aadf,Shooter
c89c203e0e2b56e6,Adventure
4e06c9a893f027f9,RPG
4e06c9a893f027f9,Strategy
2033da9f746335d3,Platform
8c5c7ed30485f1c9,Adventure
8c5c7ed30485f1c9,RPG
3630829e9a22d846,Adventure
3630829e9a22d846,Platform
3630829e9a22d846,Puzzle
63b5c57e1a3105ca,Adventure
63b5c57e1a3105ca,Indie
ec49910f21a34804,RPG
9afb704d19e387dd,RPG
9afb704d19e387dd,Turn Based Strategy
baec0a03c0bce15f,Adventure
d2892535c6253418,Visual Novel
c842af6031484d78,Adventure
c842af6031484d78,Arcade
c842af6031484d78,Brawler
c842af6031484d78,Fighting
4269db9f473cf539,Adventure
4269db9f473cf539,Platform
5274efd1feea9df3,Arcade
5274efd1feea9df3,Puzzle
4c6272b314a14f30,Adventure
4c6272b314a14f30,Real Time Strategy
ce06cffa856db284,Adventure
ce06cffa856db284,Visual Novel
f65f8065b5a79614,Adventure
f65f8065b5a79614,RPG
aea21dd6e06331f0,Adventure
aea21dd6e06331f0,Platform
aea21dd6e06331f0,Shooter
ece47952055e7fdb,RPG
ece47952055e7fdb,Strategy
ece47952055e7fdb,Tactical
9b295190b650aa11,Adventure
9b295190b650aa11,Racing
9b295190b650aa11,Sport
6519be3ea04e796d,Sport
9bedc8a1c3771358,Adventure
9bedc8a1c3771358,Indie
9bedc8a1c3771358,Platform
9bedc8a1c3771358,Puzzle
9bedc8a1c3771358,Strategy
d604c4ae2ad7042f,RPG
d604c4ae2ad7042f,Shooter
f4ffe96c7fb4ffae,Adventure
f4ffe96c7fb4ffae,RPG
bf0063e0aa715083,Card & Board Game
bf0063e0aa715083,Platform
bf0063e0aa715083,Puzzle
a7169a8d00b14fde,Adventure
a7169a8d00b14fde,Indie
a7169a8d00b14fde,Point-and-Click
4e3b99441ee8954e,Adventure
4e3b99441ee8954e,Platform
4e3b99441ee8954e,Puzzle
3613babb8f14ce15,Adventure
3613babb8f14ce15,Puzzle
7c9f7e0377310276,Adventure
3e561835cc8a7f4b,Platform
1058d6f8821009a5,Adventure
1058d6f8821009a5,RPG
1058d6f8821009a5,Simulator
8248ffc38309e31e,Adventure
8248ffc38309e31e,RPG
3313c9b41480a99a,Adventure
248ad43111be261f,Adventure
248ad43111be261f,Platform
de389ea657920ad2,Adventure
de389ea657920ad2,RPG
23f8641911caa633,Indie
23f8641911caa633,Simulator
f6becd78ad6d8bba,Adventure
f6becd78ad6d8bba,Racing
f6becd78ad6d8bba,Shooter
b2737a0581f89766,
9bab49c488bacfe0,Adventure
9bab49c488bacfe0,Platform
76e102522adf9200,Adventure
76e102522adf9200,RPG
76e102522adf9200,Shooter
a5dc2e02d0cb9b0c,Adventure
a5dc2e02d0cb9b0c,RPG
a5dc2e02d0cb9b0c,Simulator
a5dc2e02d0cb9b0c,Strategy
a5dc2e02d0cb9b0c,Tactical
a5dc2e02d0cb9b0c,Visual Novel
d460bf1767c5bdac,Adventure
d460bf1767c5bdac,Shooter
d460bf1767c5bdac,Tactical
717812338a97ed10,Adventure
717812338a97ed10,Racing
717812338a97ed10,Shooter
8d5d96fe633032ce,RPG
03e2aaed0cdaa8b6,Adventure
03e2aaed0cdaa8b6,RPG
28b7fa42f05336b5,Music
28b7fa42f05336b5,Platform
28b7fa42f05336b5,Racing
28b7fa42f05336b5,Sport
f2d6a91020671d30,Arcade
f2d6a91020671d30,Indie
f2d6a91020671d30,Simulator
f2d6a91020671d30,Strategy
4011389e8fd7576f,Adventure
4011389e8fd7576f,RPG
24638a6ac19c7592,Indie
24638a6ac19c7592,Music
cae801296a3ce007,RPG
cae801296a3ce007,Strategy
cae801296a3ce007,Turn Based Strategy
0deadcc02ec474f8,Adventure
0deadcc02ec474f8,Shooter
ab2853ae3727056b,Platform
ab2853ae3727056b,Puzzle
ab2853ae3727056b,Shooter
ee8cf29bd5a04c8b,Adventure
ee8cf29bd5a04c8b,RPG
14a527b31d8a43b6,Adventure
14a527b31d8a43b6,Brawler
14a527b31d8a43b6,Platform
c3145834d7462aed,Adventure
c3145834d7462aed,RPG
c3145834d7462aed,Turn Based Strategy
c58d5c5867e60b6d,Adventure
c58d5c5867e60b6d,Indie
c58d5c5867e60b6d,RPG
060df62778bf9273,Adventure
060df62778bf9273,Indie
060df62778bf9273,Visual Novel
1f34ce90d30de6b3,Adventure
1f34ce90d30de6b3,Platform
5fc5855cb54e27a7,Indie
5fc5855cb54e27a7,RPG
1089ced47dd1f398,Adventure
1089ced47dd1f398,RPG
e6b84b337e0fc395,RPG
652518636c3e94cf,Adventure
652518636c3e94cf,Brawler
652518636c3e94cf,Racing
652518636c3e94cf,Shooter
80bb7838424c0473,Adventure
80bb7838424c0473,Shooter
e9d11988b9aee3aa,Adventure
e9d11988b9aee3aa,Indie
e9d11988b9aee3aa,Puzzle
9ff244af46ca9e14,Fighting
8577037b35c624b4,Adventure
8577037b35c624b4,Arcade
8577037b35c624b4,Platform
c0f0a3c0f8e007cb,Adventure
c0f0a3c0f8e007cb,Brawler
c0f0a3c0f8e007cb,Puzzle
9f399e6847e6f8d5,Adventure
9f399e6847e6f8d5,RPG
9f399e6847e6f8d5,Shooter
1bb52a0ab214ce1c,Arcade
1bb52a0ab214ce1c,Indie
1bb52a0ab214ce1c,Music
1bb52a0ab214ce1c,Puzzle
9cff5681cc4124bb,Adventure
9cff5681cc4124bb,Fighting
9cff5681cc4124bb,Shooter
9cff5681cc4124bb,Simulator
9cff5681cc4124bb,Strategy
2d00a24981a6a890,Adventure
2d00a24981a6a890,Brawler
2d00a24981a6a890,RPG
7934221ce4cb2513,Adventure
7934221ce4cb2513,Indie
7934221ce4cb2513,Puzzle
741bb16cfa0814b7,Shooter
c21242c17c29c4df,Point-and-Click
c21242c17c29c4df,Puzzle
c21242c17c29c4df,Visual Novel
7788ea3146ce7df6,Adventure
8365277dfe335ab6,Platform
086fa40d50056c4d,RPG
086fa40d50056c4d,Strategy
086fa40d50056c4d,Tactical
2aef9b9328567956,Adventure
2aef9b9328567956,Brawler
2aef9b9328567956,Indie
2aef9b9328567956,RPG
2aef9b9328567956,Simulator
b3dd432ca22a28bb,Adventure
b3dd432ca22a28bb,Real Time Strategy
74d20097116a2962,Adventure
74d20097116a2962,Indie
74d20097116a2962,Point-and-Click
74d20097116a2962,Simulator
74d20097116a2962,Strategy
29957a46c6069f30,Adventure
29957a46c6069f30,Simulator
29957a46c6069f30,Visual Novel
a02d8ddeeb285148,Adventure
a02d8ddeeb285148,RPG
73549060bff1ba5d,Adventure
73549060bff1ba5d,Point-and-Click
73549060bff1ba5d,Puzzle
73549060bff1ba5d,RPG
73549060bff1ba5d,Visual Novel
4786964ac9cdeaa5,Adventure
4786964ac9cdeaa5,Shooter
f2cd8c89bfb77bc3,RPG
f2cd8c89bfb77bc3,Simulator
f2cd8c89bfb77bc3,Strategy
eb1f8bf0a2a210fc,Platform
f5743d750912c895,Indie
f5743d750912c895,RPG
f5743d750912c895,Simulator
f5743d750912c895,Strategy
cf215f4baca7a62b,Card & Board Game
c1a57b9c094b0f9c,Adventure
c1a57b9c094b0f9c,Simulator
d7fbd7ecf9613f7b,Simulator
b4cb07f3f434f3b7,RPG
b4cb07f3f434f3b7,Strategy
b4cb07f3f434f3b7,Turn Based Strategy
91c4cb542150a1b7,Adventure
91c4cb542150a1b7,Indie
91c4cb542150a1b7,Platform
0df9874b5c573a46,Adventure
0df9874b5c573a46,RPG
552f075fd543add2,Indie
552f075fd543add2,Strategy
53628a81b6dc6226,Adventure
784c7b958efec9eb,Adventure
784c7b958efec9eb,RPG
a9620e4ef5a9d64f,Adventure
a9620e4ef5a9d64f,RPG
a9620e4ef5a9d64f,Turn Based Strategy
0dfb6aab3d3eb0b0,Fighting
0dfb6aab3d3eb0b0,Indie
0e0f197f76a1e780,Shooter
0e0f197f76a1e780,Strategy
bb117ab317975bea,Adventure
bb117ab317975bea,Brawler
bb117ab317975bea,RPG
db1b2e80f703b8dd,Adventure
db1b2e80f703b8dd,RPG
db1b2e80f703b8dd,Shooter
db1b2e80f703b8dd,Strategy
b9eb91aac1a4561f,Indie
b9eb91aac1a4561f,Platform
b9eb91aac1a4561f,Sport
1068223e08dd4cd9,Adventure
1068223e08dd4cd9,Platform
1068223e08dd4cd9,Puzzle
59b5efb2b886db7d,Adventure
59b5efb2b886db7d,RPG
59b5efb2b886db7d,Shooter
8d925c70066144e9,Adventure
8d925c70066144e9,Tactical
4428422a17b228f9,Adventure
4428422a17b228f9,RPG
4428422a17b228f9,Turn Based Strategy
2cda4c0bd1848c68,Simulator
17b81ef20c495a4f,Adventure
17b81ef20c495a4f,Shooter
c583dcc8a25f8b6d,Adventure
c583dcc8a25f8b6d,Platform
c583dcc8a25f8b6d,Shooter
264a0d1f1c290aa6,Brawler
92c019c9cfc39f3d,Adventure
92c019c9cfc39f3d,Platform
be837828db69ca3e,RPG
c458c87af7fa3b83,Adventure
c458c87af7fa3b83,Brawler
c458c87af7fa3b83,Indie
c458c87af7fa3b83,RPG
3419225e97415353,Adventure
3419225e97415353,Brawler
3419225e97415353,Shooter
2316cde4c660a418,Adventure
2316cde4c660a418,Platform
5f2a8733a0904af5,RPG
60c15976097a86f3,Adventure
60c15976097a86f3,Platform
60c15976097a86f3,Shooter
771db09e77ad8c51,Adventure
771db09e77ad8c51,Platform
a0ebee766bdc3b2a,Adventure
a0ebee766bdc3b2a,Shooter
a0ebee766bdc3b2a,Tactical
19833827acd3d283,Adventure
19833827acd3d283,RPG
19833827acd3d283,Shooter
b46a4c80cd798402,Adventure
b46a4c80cd798402,Simulator
c0e08cd2ab1f4418,Adventure
c0e08cd2ab1f4418,Shooter
e58d81bd8eafaf57,Arcade
e58d81bd8eafaf57,RPG
43e7201d76011e61,Adventure
43e7201d76011e61,Indie
43e7201d76011e61,Platform
233812e661869e85,Adventure
233812e661869e85,Indie
233812e661869e85,Puzzle
b668c5b7aff775ee,Adventure
b668c5b7aff775ee,RPG
b668c5b7aff775ee,Strategy
949fc05fb5704bd1,Adventure
949fc05fb5704bd1,Indie
949fc05fb5704bd1,Platform
a4215b60b1fcbfc7,Adventure
a4215b60b1fcbfc7,Platform
49a8d9086f55f98f,RPG
49a8d9086f55f98f,Shooter
68468dfda987b0bd,Adventure
68468dfda987b0bd,Indie
68468dfda987b0bd,Puzzle
10b51db193390c7b,Adventure
10b51db193390c7b,Brawler
10b51db193390c7b,RPG
95843a90dc3eb240,RPG
95843a90dc3eb240,Shooter
08a7a78c5b07b05a,Adventure
08a7a78c5b07b05a,Platform
08a7a78c5b07b05a,Shooter
82d98cfc61bc3726,Adventure
82d98cfc61bc3726,Point-and-Click
82d98cfc61bc3726,Puzzle
82d98cfc61bc3726,Visual Novel
d8a5f65062863b65,Adventure
d8a5f65062863b65,Brawler
d8a5f65062863b65,RPG
a367b212d5ebfa19,Platform
87d718d46d5eb3d0,Adventure
87d718d46d5eb3d0,Indie
87d718d46d5eb3d0,Platform
87d718d46d5eb3d0,Puzzle
0cad401c3b9eb74a,Adventure
0cad401c3b9eb74a,Puzzle
5bfa3980c22482d8,Shooter
c8688994825ed088,Adventure
c8688994825ed088,Point-and-Click
c267e8a0c3f218c1,Racing
f977886332520689,Shooter
dc6c0257df7c2df7,Adventure
dc6c0257df7c2df7,Brawler
447cc3de039547ab,Adventure
447cc3de039547ab,Puzzle
447cc3de039547ab,RPG
49f057b8d7fe7da5,Adventure
49f057b8d7fe7da5,Indie
49f057b8d7fe7da5,Point-and-Click
49f057b8d7fe7da5,Puzzle
fc936df7408eea2c,Adventure
fc936df7408eea2c,RPG
3cc784232268d3ce,Adventure
3cc784232268d3ce,RPG
3cc784232268d3ce,Strategy
3cc784232268d3ce,Visual Novel
f987c5686b51c7f3,Adventure
f987c5686b51c7f3,Platform
b7c565b2c4b6d507,Adventure
b7c565b2c4b6d507,Platform
b7c565b2c4b6d507,Shooter
d0e0478c8cbfffea,Adventure
d0e0478c8cbfffea,RPG
4d465e4c2e3ce4f3,Adventure
4d465e4c2e3ce4f3,Indie
4d465e4c2e3ce4f3,Visual Novel
1fd93b7f6aaa2dae,Adventure
1fd93b7f6aaa2dae,Puzzle
1fd93b7f6aaa2dae,RPG
2149496d78167f1e,Adventure
2149496d78167f1e,RPG
dfbc04b9a8839021,Adventure
dfbc04b9a8839021,RPG
cafb80752458c0b3,RPG
cafb80752458c0b3,Simulator
5b294f00850905a5,Adventure
5b294f00850905a5,Indie
5b294f00850905a5,Platform
c0126763d77c7945,RPG
a3fb88fcdd7012be,Adventure
a3fb88fcdd7012be,RPG
4b7046bf2f6dc776,Adventure
4b7046bf2f6dc776,Platform
4b7046bf2f6dc776,RPG
11814323685f3839,Shooter
6d285341b8b43d50,Adventure
6d285341b8b43d50,Arcade
6d285341b8b43d50,Racing
6d285341b8b43d50,Shooter
6dfc28a8e5e1f960,Adventure
6dfc28a8e5e1f960,Indie
6dfc28a8e5e1f960,Platform
326b10f78c2101b4,Adventure
326b10f78c2101b4,RPG
25554780c40e2d75,Adventure
25554780c40e2d75,Strategy
e52467fb3c808911,Adventure
e52467fb3c808911,Platform
1fd364994c3d26eb,Adventure
1fd364994c3d26eb,Indie
1fd364994c3d26eb,Visual Novel
d314fe6aaee20383,Adventure
d314fe6aaee20383,Indie
d314fe6aaee20383,RPG
a65c28278c1065aa,Platform
cfb5de83a3ca8cdc,Adventure
cfb5de83a3ca8cdc,Puzzle
e66392885523dac1,Adventure
e66392885523dac1,RPG
e66392885523dac1,Shooter
c2bffa61aab9de30,Adventure
c2bffa61aab9de30,RPG
b86a66a63ef1bac7,Adventure
b86a66a63ef1bac7,Shooter
c35d7c5b4f58e1fd,Adventure
c35d7c5b4f58e1fd,Point-and-Click
c671ecdd3b2fce4a,Adventure
c671ecdd3b2fce4a,Shooter
bdc922d134487abd,Adventure
bdc922d134487abd,Platform
512332d5e2dc8bb0,Adventure
3df50a1a1798b60a,Brawler
3df50a1a1798b60a,Shooter
4f856ee8c4656443,Adventure
4f856ee8c4656443,Indie
4f856ee8c4656443,RPG
4f856ee8c4656443,Strategy
4f856ee8c4656443,Turn Based Strategy
1c7b5f7686b23f8c,Adventure
1c7b5f7686b23f8c,RPG
1c7b5f7686b23f8c,Shooter
07fd5f8bacb51fc5,Adventure
07fd5f8bacb51fc5,Brawler
07fd5f8bacb51fc5,Platform
42f39f79ba3adee6,Adventure
321b83571ad5aa0f,Adventure
321b83571ad5aa0f,Shooter
321b83571ad5aa0f,Tactical
9cc885eac09cf299,Platform
745cc676ed6be647,Adventure
745cc676ed6be647,Brawler
eb421fc872c68571,Adventure
eb421fc872c68571,Indie
eb421fc872c68571,Puzzle
7bc5d0779c8b3bb3,Adventure
7bc5d0779c8b3bb3,RPG
7a009dea753d4529,Adventure
b042c4303fc24681,Adventure
b042c4303fc24681,Brawler
ad54e179cbe237c5,Shooter
d750bc79265e4690,Platform
498d4586c582f10f,Adventure
498d4586c582f10f,Racing
498d4586c582f10f,Shooter
498d4586c582f10f,Simulator
4df789695c8df3cc,Indie
4df789695c8df3cc,Strategy
d0566f3d0a755c3f,Adventure
d0566f3d0a755c3f,Indie
d0566f3d0a755c3f,Puzzle
d0566f3d0a755c3f,Simulator
0d0315e680af67c6,Adventure
0d0315e680af67c6,Brawler
1455f7a83fbfea04,Platform
1455f7a83fbfea04,Shooter
9c6b39131e4f5cbb,Adventure
9c6b39131e4f5cbb,RPG
9c6b39131e4f5cbb,Turn Based Strategy
b083607f5d65c5bf,Adventure
b083607f5d65c5bf,Indie
bf175a84edeb4f92,Adventure
bf175a84edeb4f92,RPG
6329b399c69fedc3,Adventure
6329b399c69fedc3,RPG
fd2bc62e4e158d19,Adventure
fd2bc62e4e158d19,Puzzle
fd2bc62e4e158d19,Visual Novel
1343c70cfdd4d05c,Adventure
1343c70cfdd4d05c,Brawler
d175de3585ab3707,Adventure
d175de3585ab3707,Shooter
ae882c7eb4d06b4f,Adventure
2990cdacca4de6f5,Adventure
2990cdacca4de6f5,Brawler
2990cdacca4de6f5,Platform
319d38ec4c3a84bc,RPG
319d38ec4c3a84bc,Shooter
5e446a02136a7ce5,Fighting
5a2b3955a933006d,Adventure
5a2b3955a933006d,Platform
5a2b3955a933006d,Puzzle
9afb902c6866acd9,RPG
9afb902c6866acd9,Turn Based Strategy
3937e1589e786062,Adventure
3937e1589e786062,Indie
3937e1589e786062,Puzzle
b58ad514e2c45bd3,Simulator
9ebbdcc6a110bacb,Adventure
9ebbdcc6a110bacb,RPG
7e45b13c15befef4,Adventure
7e45b13c15befef4,RPG
cf48b89b23fcc10a,Adventure
cf48b89b23fcc10a,Platform
54f1c9c995bc9c72,Adventure
54f1c9c995bc9c72,RPG
54f1c9c995bc9c72,Shooter
a74706c0ab005593,Platform
bf37f5c160b976d1,Arcade
bf37f5c160b976d1,Racing
b314e1aca006aee6,Adventure
b314e1aca006aee6,RPG
4ab77c214d1c5a24,Adventure
4ab77c214d1c5a24,Indie
4ab77c214d1c5a24,RPG
87d4a77de0cf3a28,Adventure
87d4a77de0cf3a28,Indie
87d4a77de0cf3a28,Puzzle
87d4a77de0cf3a28,Simulator
d47bcf8ac1c9db1b,Adventure
d47bcf8ac1c9db1b,Platform
db396fe91563c796,Adventure
db396fe91563c796,Racing
db396fe91563c796,Shooter
a5d4e4814d8b1ef9,Adventure
a5d4e4814d8b1ef9,Shooter
637365642362ad70,Adventure
637365642362ad70,RPG
637365642362ad70,Turn Based Strategy
813f8a8b5449715c,Adventure
813f8a8b5449715c,Arcade
813f8a8b5449715c,Indie
813f8a8b5449715c,Platform
813f8a8b5449715c,Puzzle
813f8a8b5449715c,RPG
1c500b5cd2d226ca,Adventure
1c500b5cd2d226ca,RPG
20eb7612425d8895,Arcade
20eb7612425d8895,Fighting
20eb7612425d8895,Indie
20eb7612425d8895,Platform
a42946dc8db01139,MOBA
b514a8fab2383494,Adventure
b514a8fab2383494,Indie
b514a8fab2383494,Platform
b514a8fab2383494,Shooter
13aa03593868bf1d,Adventure
13aa03593868bf1d,Arcade
13aa03593868bf1d,Indie
13aa03593868bf1d,Platform
32735bef00753e88,Platform
fcc7f22470b5e091,Adventure
fcc7f22470b5e091,Indie
fcc7f22470b5e091,RPG
6b685fc5610afbc7,RPG
6b685fc5610afbc7,Simulator
6b685fc5610afbc7,Strategy
6b685fc5610afbc7,Tactical
61a41eee74690a90,Adventure
61a41eee74690a90,Indie
61a41eee74690a90,Platform
61a41eee74690a90,RPG
c3fb2f57c8f471b0,Shooter
1a9acd8415c2fcc9,Adventure
1a9acd8415c2fcc9,Puzzle
1a9acd8415c2fcc9,Visual Novel
200db0f2ba9d5d35,Adventure
200db0f2ba9d5d35,Indie
200db0f2ba9d5d35,RPG
200db0f2ba9d5d35,Strategy
200db0f2ba9d5d35,Turn Based Strategy
48f0822c81652dc0,Adventure
48f0822c81652dc0,Platform
48f0822c81652dc0,Simulator
0b7848ad8f3fb62d,Adventure
0b7848ad8f3fb62d,Platform
0b7848ad8f3fb62d,Puzzle
5c3082ddb494adb0,Adventure
5c3082ddb494adb0,Brawler
5c3082ddb494adb0,RPG
5c3082ddb494adb0,Strategy
ea52bb23fd6ef451,Shooter
e0f0903b7c82cc4c,Adventure
618c597926f4f2e0,Puzzle
618c597926f4f2e0,Shooter
f5d17010a5d77234,Adventure
f5d17010a5d77234,Platform
79279e31eae8db22,Indie
79279e31eae8db22,Simulator
bdc852793ae152f0,Adventure
bdc852793ae152f0,Indie
bdc852793ae152f0,Platform
bdc852793ae152f0,Shooter
7cbfe33333161677,RPG
e243b612b80c63c3,Adventure
e243b612b80c63c3,Shooter
790168fb05a72c5a,Shooter
790168fb05a72c5a,Tactical
c075d51d7c11ac77,Adventure
c075d51d7c11ac77,Brawler
c075d51d7c11ac77,Indie
c7cb2c1ad369a2dd,Platform
eebd8ef5fd73ce27,Racing
6ea60ca6b65f4228,Adventure
6ea60ca6b65f4228,Platform
70cd0db41d0f0c81,Adventure
70cd0db41d0f0c81,Platform
fc84eb71dc53839e,Adventure
fc84eb71dc53839e,Shooter
fc84eb71dc53839e,Tactical
dab46445dbe4b92e,Shooter
f036f8d680bef3d7,Adventure
f036f8d680bef3d7,Platform
f036f8d680bef3d7,Puzzle
f036f8d680bef3d7,Simulator
f036f8d680bef3d7,Strategy
2d5f2ca3902d77b5,Adventure
2d5f2ca3902d77b5,Platform
113ff0f96457b314,Shooter
ebb5654adf5a03d9,Adventure
ebb5654adf5a03d9,Platform
b94690c7f241b783,Adventure
b94690c7f241b783,RPG
b1d43cd331b4bdca,Adventure
b1d43cd331b4bdca,Shooter
3020c4107f5d7436,Adventure
3020c4107f5d7436,Platform
3020c4107f5d7436,RPG
e68b5e07c3acb8a6,Adventure
e68b5e07c3acb8a6,Point-and-Click
e68b5e07c3acb8a6,Puzzle
e68b5e07c3acb8a6,Visual Novel
2afc9e9617525cbb,Adventure
2afc9e9617525cbb,Indie
2afc9e9617525cbb,Puzzle
9694b908f27ed8f1,Shooter
739f156c87f3838a,Adventure
739f156c87f3838a,RPG
739f156c87f3838a,Turn Based Strategy
6c294022eeca67e7,Adventure
6c294022eeca67e7,Platform
132d3e0c5a851b70,Adventure
132d3e0c5a851b70,Indie
132d3e0c5a851b70,Puzzle
c6825f10a6b7b330,Shooter
9cad93baf683b909,Shooter
42047bec4a39054a,Arcade
71edb30d0a1dcbc9,Adventure
71edb30d0a1dcbc9,Brawler
71edb30d0a1dcbc9,Shooter
d9fa845b2f3c6998,Adventure
d9fa845b2f3c6998,Platform
ad780cccb435622e,Adventure
ad780cccb435622e,Platform
ad780cccb435622e,Shooter
b49169d68cd72af4,Adventure
b49169d68cd72af4,Indie
b49169d68cd72af4,Puzzle
b49169d68cd72af4,Simulator
ffc3543fcf0ba0c1,Adventure
ffc3543fcf0ba0c1,Indie
ffc3543fcf0ba0c1,Puzzle
ffc3543fcf0ba0c1,RPG
ebdce6cab2d053ed,Adventure
ebdce6cab2d053ed,Brawler
ebdce6cab2d053ed,RPG
d2273ca4dfe8cde3,Adventure
d2273ca4dfe8cde3,Shooter
703d66f332988703,RPG
703d66f332988703,Turn Based Strategy
a19f8f73744d27e5,RPG
e63a122002b6b4ae,RPG
e63a122002b6b4ae,Strategy
e63a122002b6b4ae,Tactical
e63a122002b6b4ae,Turn Based Strategy
d69e83309aa4aae3,RPG
2e7a3e96c45b427b,Point-and-Click
2e7a3e96c45b427b,Puzzle
2e7a3e96c45b427b,Visual Novel
619869ec02598d0a,Adventure
619869ec02598d0a,RPG
32e4b6d9de9c91f7,Adventure
32e4b6d9de9c91f7,Point-and-Click
32e4b6d9de9c91f7,Puzzle
32e4b6d9de9c91f7,Visual Novel
1000305b22b1b6ff,Adventure
1000305b22b1b6ff,Indie
1000305b22b1b6ff,Shooter
29e4c03a9e35009f,Adventure
29e4c03a9e35009f,Indie
29e4c03a9e35009f,Platform
29e4c03a9e35009f,Puzzle
b58175a40c201fc0,RPG
b58175a40c201fc0,Strategy
b58175a40c201fc0,Tactical
69b7def078f44f61,Arcade
69b7def078f44f61,Brawler
69b7def078f44f61,Fighting
69b7def078f44f61,Indie
7b0d9548ba72986e,RPG
7128aeb5d1a02de5,Adventure
7128aeb5d1a02de5,Platform
8030ab2ba85171b7,RPG
8030ab2ba85171b7,Shooter
13c8b6596fdf7a42,Adventure
13c8b6596fdf7a42,Brawler
b00e1957076ed5b3,Platform
b00e1957076ed5b3,Shooter
8e96e641f321ee8c,Arcade
8e96e641f321ee8c,Fighting
e313aa92dc5cb92c,Adventure
e313aa92dc5cb92c,Point-and-Click
e313aa92dc5cb92c,Puzzle
e313aa92dc5cb92c,Visual Novel
9db75e5af720e5b1,Platform
71895b41a8c712df,Adventure
2436b4d816ac8e54,Arcade
2436b4d816ac8e54,Fighting
2dcd210e6179d9c7,Adventure
c99eedf0874f1fb2,Adventure
0372c920e6f4ef2c,RPG
0372c920e6f4ef2c,Shooter
cb6bdb6f67dde196,Adventure
f4b70c9e910ce4c2,Adventure
f4b70c9e910ce4c2,Brawler
f4b70c9e910ce4c2,Platform
05874abeca1a9c10,Adventure
05874abeca1a9c10,Platform
1b17770744ebd241,RPG
1b17770744ebd241,Shooter
aee4373abae86638,Adventure
aee4373abae86638,Fighting
863589afb02712f1,Adventure
863589afb02712f1,Arcade
863589afb02712f1,Indie
863589afb02712f1,Music
863589afb02712f1,Platform
c89ba944ba594173,Adventure
c89ba944ba594173,Strategy
c89ba944ba594173,Tactical
c89ba944ba594173,Turn Based Strategy
d7115c830fbe46ff,Shooter
492db58df14224f2,Adventure
492db58df14224f2,Puzzle
492db58df14224f2,Shooter
41819d71d5e2e496,Indie
41819d71d5e2e496,Shooter
c0d0669fe5420329,Fighting
4c2c6452511a523c,Adventure
4c2c6452511a523c,Puzzle
40140096c65ca7f7,Shooter
c736bffa5a5d2121,Racing
444fff2b0cc13bee,Adventure
444fff2b0cc13bee,Indie
444fff2b0cc13bee,Platform
4bb4e27041789d6c,Adventure
4bb4e27041789d6c,Indie
cbdbb8dbbb7de3ef,Arcade
cbdbb8dbbb7de3ef,Indie
cbdbb8dbbb7de3ef,Simulator
cbdbb8dbbb7de3ef,Strategy
cbdbb8dbbb7de3ef,Tactical
c35d6a3046de03b7,Adventure
c35d6a3046de03b7,Indie
be1bd9b1baeb0a1f,Adventure
be1bd9b1baeb0a1f,Platform
7a3f95edcf7e0667,Adventure
7a3f95edcf7e0667,Brawler
7a3f95edcf7e0667,Indie
7a3f95edcf7e0667,RPG
bf1e30e2e2240a7b,Arcade
bf1e30e2e2240a7b,Racing
0cdc374e5084e003,Adventure
0cdc374e5084e003,RPG
3304a95150ef63e4,Adventure
3304a95150ef63e4,Real Time Strategy
3304a95150ef63e4,RPG
3304a95150ef63e4,Simulator
3304a95150ef63e4,Strategy
58f77757643eb2a6,Indie
58f77757643eb2a6,RPG
58f77757643eb2a6,Simulator
58f77757643eb2a6,Strategy
202c7a1bffada3ec,Adventure
202c7a1bffada3ec,Platform
202c7a1bffada3ec,Sport
d2376a90b15f8640,Adventure
d2376a90b15f8640,RPG
d2376a90b15f8640,Turn Based Strategy
7378a9cdc66fdbb7,RPG
7378a9cdc66fdbb7,Strategy
e540a5bce5b65e6c,Adventure
e540a5bce5b65e6c,Shooter
989915975831a919,Adventure
989915975831a919,Indie
989915975831a919,Platform
989915975831a919,Puzzle
afe3a8ed4e649c25,Adventure
afe3a8ed4e649c25,Indie
6427f5cf8241b463,Adventure
6427f5cf8241b463,Puzzle
1e8db604550ef87c,Adventure
1e8db604550ef87c,Fighting
dc692b438b6559c8,Adventure
dc692b438b6559c8,Platform
6983b0004ebbb292,Adventure
6983b0004ebbb292,RPG
99a5677b0450cc13,RPG
99a5677b0450cc13,Shooter
99a5677b0450cc13,Strategy
3a856289c7e4cc37,Adventure
3a856289c7e4cc37,Brawler
3a856289c7e4cc37,Puzzle
3a856289c7e4cc37,Shooter
78ed99ae0c7132c7,Adventure
78ed99ae0c7132c7,Indie
78ed99ae0c7132c7,Music
78ed99ae0c7132c7,Platform
9fb58695883c6ecb,Adventure
9fb58695883c6ecb,Shooter
667ee45a3853d720,Adventure
667ee45a3853d720,Arcade
667ee45a3853d720,Platform
667ee45a3853d720,Racing
667ee45a3853d720,Shooter
2a68a13461b70681,Adventure
2a68a13461b70681,Indie
2a68a13461b70681,Puzzle
2a68a13461b70681,RPG
116c929fda3f5da5,Adventure
116c929fda3f5da5,Platform
116c929fda3f5da5,RPG
92c21ca921b1bfb8,Adventure
92c21ca921b1bfb8,Visual Novel
7f766af5934232fe,Adventure
89df057d4cce14d5,Adventure
89df057d4cce14d5,Indie
89df057d4cce14d5,RPG
9f053be12993701d,Adventure
9f053be12993701d,Shooter
29283ed40a41e12a,Adventure
29283ed40a41e12a,Platform
29283ed40a41e12a,Shooter
ca4250b53fa0c171,Adventure
ca4250b53fa0c171,Brawler
ca4250b53fa0c171,RPG
ca4250b53fa0c171,Simulator
d2733c30373d4518,Indie
d2733c30373d4518,RPG
d2733c30373d4518,Simulator
9ac152b21e1f6393,Racing
b98dd350f0ee4450,Adventure
b98dd350f0ee4450,Indie
b98dd350f0ee4450,Platform
38a530d8bd510775,Shooter
69f5e3a555a14d77,Adventure
69f5e3a555a14d77,Puzzle
69f5e3a555a14d77,RPG
69f5e3a555a14d77,Simulator
69f5e3a555a14d77,Visual Novel
41bb2f50e4dd5eb6,Adventure
41bb2f50e4dd5eb6,RPG
8770df7c2d516026,Adventure
9ed0f58fcc3535fc,Adventure
9ed0f58fcc3535fc,Brawler
d1112e2b8d149d1b,Adventure
d1112e2b8d149d1b,RPG
b3f9f16276523993,Adventure
b3f9f16276523993,Platform
b3e09a1c8cf840c6,Adventure
b3e09a1c8cf840c6,Platform
b3e09a1c8cf840c6,RPG
6fa62de124549640,Adventure
6fa62de124549640,Indie
6fa62de124549640,Platform
6fa62de124549640,RPG
7b0999b7deabd24c,Adventure
7b0999b7deabd24c,Platform
7b0999b7deabd24c,Racing
b7508dd286679e2b,Arcade
b7508dd286679e2b,Fighting
d69ced9b03009569,RPG
d69ced9b03009569,Strategy
d69ced9b03009569,Turn Based Strategy
46d4ab2a98e41d3f,RPG
06fc66b1b78009a3,Brawler
5fdf635ee6fd989c,Adventure
5fdf635ee6fd989c,Platform
3fa770d5938b0ccd,Adventure
3fa770d5938b0ccd,Indie
3fa770d5938b0ccd,Shooter
5f2711127116ad05,Shooter
a5c57cb40a13471b,Adventure
a5c57cb40a13471b,RPG
a5c57cb40a13471b,Turn Based Strategy
7548c9010622a585,Adventure
7548c9010622a585,Shooter
e649f8bbe5440704,Racing
227dd37cb36baada,Adventure
227dd37cb36baada,RPG
227dd37cb36baada,Turn Based Strategy
17ff5abebbf6016f,Shooter
4cee0a8a52199502,Adventure
4cee0a8a52199502,Indie
4cee0a8a52199502,RPG
e3b00ced92804a37,Adventure
e3b00ced92804a37,Puzzle
a4399a5f43a76d32,Brawler
5da49f8e3c68674d,Adventure
5da49f8e3c68674d,RPG
5da49f8e3c68674d,Turn Based Strategy
cf768cf37d181267,Adventure
cf768cf37d181267,Platform
e29dc73a189a5f3b,Arcade
e29dc73a189a5f3b,Indie
e29dc73a189a5f3b,Shooter
e29523f9b8b2eff7,Adventure
e29523f9b8b2eff7,RPG
e29523f9b8b2eff7,Strategy
a3c007087afdc197,Arcade
a3c007087afdc197,Fighting
142213189eef8214,Adventure
142213189eef8214,Shooter
2b9580213214db7e,RPG
fba3d8c2172062ec,Adventure
fba3d8c2172062ec,Platform
fba3d8c2172062ec,Puzzle
fba3d8c2172062ec,Shooter
1c39f327ba90ef0b,Simulator
1c39f327ba90ef0b,Sport
68cd6a0ee5402dd0,Adventure
68cd6a0ee5402dd0,Shooter
68cd6a0ee5402dd0,Simulator
68cd6a0ee5402dd0,Strategy
c691c79c289f1a50,Adventure
c691c79c289f1a50,Point-and-Click
3e51fc0be1e91b9f,Adventure
3e51fc0be1e91b9f,Brawler
2fa75b595dccd0cb,Simulator
2fa75b595dccd0cb,Strategy
2fa75b595dccd0cb,Turn Based Strategy
86772889d6cbd4ae,Adventure
86772889d6cbd4ae,Indie
86772889d6cbd4ae,Point-and-Click
86772889d6cbd4ae,RPG
86772889d6cbd4ae,Turn Based Strategy
4edbd72819acacb0,RPG
4edbd72819acacb0,Strategy
4edbd72819acacb0,Tactical
4edbd72819acacb0,Turn Based Strategy
6f7d9bbfff433ab7,Adventure
6f7d9bbfff433ab7,Simulator
1a9f30a0dc8707a0,Adventure
1a9f30a0dc8707a0,Arcade
1a9f30a0dc8707a0,Indie
1a9f30a0dc8707a0,Platform
1a9f30a0dc8707a0,Shooter
a001ae45eae83302,Adventure
a001ae45eae83302,Platform
d48d0bfce3a4b97a,Adventure
d48d0bfce3a4b97a,Platform
d48d0bfce3a4b97a,Puzzle
88bbf34fc414566a,RPG
a09387a5e8b8de16,Indie
a09387a5e8b8de16,RPG
9f356ba1b4023b3e,Brawler
9f356ba1b4023b3e,Fighting
643f2bfd32531768,Adventure
643f2bfd32531768,Platform
e00fde12e1e96cc1,Adventure
e00fde12e1e96cc1,Indie
e00fde12e1e96cc1,RPG
e00fde12e1e96cc1,Turn Based Strategy
9ce9cd57bc3e9b9f,Adventure
9ce9cd57bc3e9b9f,Brawler
9ce9cd57bc3e9b9f,Fighting
82ece28a4938a064,Adventure
82ece28a4938a064,Platform
82ece28a4938a064,Puzzle
cb77f8a8a4bf5d49,Adventure
cb77f8a8a4bf5d49,Brawler
cb77f8a8a4bf5d49,Indie
cb77f8a8a4bf5d49,Platform
2002e65dd57ebaeb,Adventure
2002e65dd57ebaeb,RPG
53d532a91d3414fe,Adventure
53d532a91d3414fe,RPG
53d532a91d3414fe,Shooter
d01182b3cdf3fb75,Shooter
3f8a6229b6202ec9,Card & Board Game
3f8a6229b6202ec9,Strategy
3f8a6229b6202ec9,Turn Based Strategy
e65db3573c03d8e9,Brawler
0378382f802672d8,Indie
0378382f802672d8,Shooter
9f8f5cefe8c1a9de,RPG
8559e76c9b67c1ea,Adventure
8559e76c9b67c1ea,Visual Novel
8f8bf99594043075,Indie
8f8bf99594043075,Point-and-Click
8f8bf99594043075,Puzzle
8f8bf99594043075,RPG
8f8bf99594043075,Simulator
3efed73e1f9064d7,Adventure
3efed73e1f9064d7,RPG
3efed73e1f9064d7,Shooter
51d22ca109f185ac,RPG
3182197fc9854c22,Arcade
3182197fc9854c22,Fighting
3182197fc9854c22,Indie
3182197fc9854c22,Racing
3182197fc9854c22,Strategy
2f72a46726692e31,Visual Novel
0fe3eb7669c94522,Adventure
0fe3eb7669c94522,Brawler
7a4c12eb7cdafea0,Adventure
d35285c22f9750ed,Adventure
d35285c22f9750ed,RPG
7cdd900064f5b1d7,Adventure
7cdd900064f5b1d7,Indie
51fa3f7bc63f756f,RPG
51fa3f7bc63f756f,Turn Based Strategy
216d67fe9567c33a,Adventure
216d67fe9567c33a,Indie
5a6b9cc290133d5a,Adventure
5a6b9cc290133d5a,RPG
fea4b33ac816f5f3,Adventure
fea4b33ac816f5f3,RPG
66ee4572e33bcf97,Adventure
66ee4572e33bcf97,Shooter
ba7c28da5bdd6602,Adventure
ba7c28da5bdd6602,Arcade
ba7c28da5bdd6602,Platform
cfc5b4e551323b99,Adventure
cfc5b4e551323b99,RPG
b98c52e3d0499fe5,Platform
02127d820ff64d8d,Adventure
02127d820ff64d8d,Indie
02127d820ff64d8d,Platform
1072d9a9185b760a,RPG
7d69a55ee8cb1462,Adventure
7d69a55ee8cb1462,Brawler
7d69a55ee8cb1462,RPG
7d69a55ee8cb1462,Simulator
7d69a55ee8cb1462,Sport
c506efdf807be1aa,Arcade
c506efdf807be1aa,Racing
6ce2a5805676b43c,Adventure
6ce2a5805676b43c,Platform
99ad56d697c3f815,Adventure
99ad56d697c3f815,Platform
a930ff1bf22a2d7e,Indie
a930ff1bf22a2d7e,Real Time Strategy
a930ff1bf22a2d7e,Simulator
a930ff1bf22a2d7e,Strategy
d483fff40c26e1bf,Point-and-Click
d483fff40c26e1bf,Puzzle
d483fff40c26e1bf,Visual Novel
e4f08465d694f091,Adventure
e4f08465d694f091,Platform
e4f08465d694f091,Shooter
c0f164e9a449cb9f,Adventure
c0f164e9a449cb9f,Visual Novel
4ce01daa18c44bad,Adventure
4ce01daa18c44bad,RPG
4ce01daa18c44bad,Simulator
222f6f9a6aff6787,Adventure
222f6f9a6aff6787,Platform
222f6f9a6aff6787,Shooter
879e1eeaad064112,Adventure
879e1eeaad064112,Indie
879e1eeaad064112,Music
879e1eeaad064112,Platform
879e1eeaad064112,Puzzle
08997dc9d06d990e,Adventure
08997dc9d06d990e,Puzzle
2908c1f93a854057,Adventure
2908c1f93a854057,Puzzle
2908c1f93a854057,Strategy
2908c1f93a854057,Visual Novel
a5e52995aaddf204,Adventure
bac56953f6691bfd,Platform
435485f095447537,Adventure
435485f095447537,Platform
435485f095447537,Shooter
f836cf16e1b557b5,Adventure
f836cf16e1b557b5,Shooter
e4bf5e6b4664e3d3,Adventure
e4bf5e6b4664e3d3,Platform
ddf2d455f774e92c,Adventure
ddf2d455f774e92c,Shooter
511ca30317fe5a76,Adventure
511ca30317fe5a76,Fighting
511ca30317fe5a76,RPG
56d0afd782fe882a,Adventure
56d0afd782fe882a,RPG
def0e34137764377,Adventure
def0e34137764377,RPG
ef907549c853c781,Adventure
ef907549c853c781,Point-and-Click
ef907549c853c781,Shooter
ef907549c853c781,Visual Novel
79e2a7593724e001,Adventure
79e2a7593724e001,Indie
79e2a7593724e001,RPG
79e2a7593724e001,Visual Novel
68218c86bc7f4199,Shooter
f8d0151bad791deb,Arcade
f8d0151bad791deb,Indie
f8d0151bad791deb,Puzzle
f8d0151bad791deb,Shooter
c6193af0660fc2bf,Brawler
c6193af0660fc2bf,RPG
077b340dafe36826,Adventure
077b340dafe36826,RPG
d329f49194145e43,Adventure
d329f49194145e43,Platform
d329f49194145e43,Puzzle
9178d38b79673450,Shooter
628b754cd8b2d207,
2a6d9db4eff02b3a,Real Time Strategy
2a6d9db4eff02b3a,Strategy
33a2b2a20f4af08e,Adventure
33a2b2a20f4af08e,Visual Novel
3a880be95c8ab225,Card & Board Game
3a880be95c8ab225,Indie
3a880be95c8ab225,RPG
3a880be95c8ab225,Simulator
3a880be95c8ab225,Strategy
0e2950ba0b62d238,Indie
0e2950ba0b62d238,Simulator
0e2950ba0b62d238,Strategy
fe4271c47a672e3f,Adventure
fe4271c47a672e3f,Shooter
860c06ce94ead1a1,Simulator
860c06ce94ead1a1,Strategy
860c06ce94ead1a1,Tactical
860c06ce94ead1a1,Turn Based Strategy
b080ce327e378e3c,Indie
b080ce327e378e3c,Shooter
de5e5f5e830438dd,Adventure
de5e5f5e830438dd,Indie
de5e5f5e830438dd,RPG
de5e5f5e830438dd,Simulator
4dad0e9d0bb59753,Adventure
4dad0e9d0bb59753,RPG
4dad0e9d0bb59753,Turn Based Strategy
d0ba970f21d5bfb4,Arcade
ee14054231f9441c,Fighting
ee14054231f9441c,RPG
1356be5e44646a5c,Shooter
f3df4e9b60332fcc,RPG
3d0b6b5336a9e4de,Adventure
3d0b6b5336a9e4de,Arcade
3d0b6b5336a9e4de,Fighting
3d0b6b5336a9e4de,Indie
4654a8980a75574d,Puzzle
38a1c288bb89953f,Puzzle
38a1c288bb89953f,Strategy
4f1fcc5dd19a6815,Adventure
4f1fcc5dd19a6815,Fighting
4f1fcc5dd19a6815,Platform
f8ae075897fb40fe,Adventure
f8ae075897fb40fe,Indie
f8ae075897fb40fe,Point-and-Click
5dcdd619dc06d799,Indie
5dcdd619dc06d799,Simulator
5dcdd619dc06d799,Strategy
169c99a8d289cbcb,Adventure
169c99a8d289cbcb,Brawler
169c99a8d289cbcb,Fighting
e39dc5aeb13459c6,Adventure
e39dc5aeb13459c6,RPG
0744748c358ce9c9,Arcade
80970d1dd5f4a6f2,Shooter
d3ce82148b912303,Adventure
d3ce82148b912303,RPG
d3ce82148b912303,Shooter
d3ce82148b912303,Strategy
d3ce82148b912303,Tactical
1294152f75aa6fa7,Adventure
1294152f75aa6fa7,Shooter
3fc747badf5327c0,Adventure
3fc747badf5327c0,Shooter
9827f60bbf2a04ab,Adventure
9827f60bbf2a04ab,Arcade
9827f60bbf2a04ab,Indie
9827f60bbf2a04ab,RPG
9827f60bbf2a04ab,Shooter
429f2083218d7882,Arcade
429f2083218d7882,Indie
429f2083218d7882,Music
c379cf1a821589ca,Adventure
c379cf1a821589ca,Shooter
0305673feb1ea9e1,Fighting
0305673feb1ea9e1,Platform
25530e5ac6ebcf09,Adventure
25530e5ac6ebcf09,RPG
76556ad55cc944a1,Arcade
2bbb04e0cb4ddbc1,Adventure
2bbb04e0cb4ddbc1,RPG
2bbb04e0cb4ddbc1,Shooter
2bbb04e0cb4ddbc1,Simulator
2bbb04e0cb4ddbc1,Strategy
d067a31155478b7d,Brawler
d067a31155478b7d,RPG
2870ff9ac1fa8a25,Indie
2870ff9ac1fa8a25,Puzzle
2870ff9ac1fa8a25,Quiz/Trivia
2870ff9ac1fa8a25,Strategy
b1f889595a225aed,Adventure
b1f889595a225aed,RPG
b1f889595a225aed,Simulator
bfa66ca535f36112,RPG
caddca4fc5c50075,Shooter
1e09b70d81b398e8,Adventure
1e09b70d81b398e8,RPG
c5bd6099ca003458,RPG
8364c815f4d8e41d,Simulator
f5c0fd4e5a082b74,Puzzle
46ccdac2e4699309,Platform
004db126e46138dc,Card & Board Game
b88cc71a5f4cda3b,Card & Board Game
8e91c562bd0ef25e,Puzzle
736c949d8cca5a1d,Indie
736c949d8cca5a1d,Simulator
736c949d8cca5a1d,Strategy
736c949d8cca5a1d,Tactical
2ae9385a0c8dc7a7,Adventure
2ae9385a0c8dc7a7,Brawler
5c12619079922f90,Adventure
5c12619079922f90,Platform
5c12619079922f90,Puzzle
476a681063a23466,RPG
476a681063a23466,Shooter
644d80eb000180bc,Platform
7c77f99e79ca0e1e,Adventure
712c0186d48efe5f,Fighting
92d7dfd429f53af4,Adventure
92d7dfd429f53af4,RPG
d84091731bf9223c,Adventure
d84091731bf9223c,Platform
92e6d2e1e2fa9687,Arcade
92e6d2e1e2fa9687,Racing
c75391b70ece98b6,Adventure
c75391b70ece98b6,Platform
a7b54274e2666c05,Adventure
a7b54274e2666c05,Indie
936ef7ee9e996338,Adventure
936ef7ee9e996338,Indie
936ef7ee9e996338,Platform
8bafc6720fb8e4ec,Adventure
8bafc6720fb8e4ec,Indie
8bafc6720fb8e4ec,Platform
8bafc6720fb8e4ec,Simulator
8bafc6720fb8e4ec,Strategy
73eeb619f0d00064,Fighting
5cad1c7d792e0844,Fighting
748a66e8b1b55c5f,Shooter
4d659f1e064e6241,Platform
7156a8b654566191,Arcade
7156a8b654566191,Brawler
8e103d8e04545db3,Adventure
8e103d8e04545db3,Platform
b503f9784ed050b5,Adventure
b503f9784ed050b5,Platform
b503f9784ed050b5,Puzzle
6dd47e6dc66d0a87,Adventure
6dd47e6dc66d0a87,Brawler
6dd47e6dc66d0a87,Platform
8d3cc21695f56b7d,Brawler
d90e79a2c5d95aa3,Shooter
1fd7bff9b56512c3,Adventure
1fd7bff9b56512c3,Shooter
3f6f9beb924cfb63,Real Time Strategy
3f6f9beb924cfb63,Strategy
2a71d966689d3604,Adventure
2a71d966689d3604,Brawler
2a71d966689d3604,RPG
2a71d966689d3604,Simulator
2a71d966689d3604,Sport
699a65aa22493c70,RPG
ee86d1ed93188901,Adventure
ee86d1ed93188901,Fighting
ee86d1ed93188901,RPG
34d348a29f4f46c5,Puzzle
f05368445e901a6b,Music
509add3ba6c91877,Fighting
456b5d3b83f04e8d,Music
456b5d3b83f04e8d,Shooter
75e7e6addf237f80,Adventure
75e7e6addf237f80,Real Time Strategy
75e7e6addf237f80,Strategy
75e7e6addf237f80,Tactical
f717e94e0d86ffde,Adventure
f717e94e0d86ffde,Music
9da02c114ddc1fd9,Card & Board Game
9da02c114ddc1fd9,Indie
9da02c114ddc1fd9,Strategy
9da02c114ddc1fd9,Turn Based Strategy
d14daa60d864f465,Fighting
f0e59787736ae7ab,Fighting
f162fe5ebf19ca15,Adventure
f162fe5ebf19ca15,RPG
f162fe5ebf19ca15,Turn Based Strategy
cad87703eaabe5fc,Adventure
cad87703eaabe5fc,Puzzle
d797719c115d51a0,Racing
896ed8d5ef16fc2f,Arcade
896ed8d5ef16fc2f,Platform
896ed8d5ef16fc2f,Puzzle
896ed8d5ef16fc2f,Strategy
0cf89b77c44036f3,Adventure
0cf89b77c44036f3,Indie
0cf89b77c44036f3,Platform
acb971041279ca8f,Arcade
29361e217cecd5e5,RPG
d5fe34d2748fee65,Adventure
d5fe34d2748fee65,Platform
f445f0efee6436ff,RPG
f445f0efee6436ff,Strategy
f445f0efee6436ff,Turn Based Strategy
f3693330a24d2610,Adventure
f3693330a24d2610,Platform
f3693330a24d2610,RPG
c9c608be0bbcc999,RPG
dff15371fea78afa,Shooter
908153c351779796,RPG
908153c351779796,Strategy
908153c351779796,Tactical
908153c351779796,Visual Novel
2f69f03f5dbe13fe,Arcade
2f69f03f5dbe13fe,Fighting
ebc859834be8b269,Indie
ebc859834be8b269,Music
ebc859834be8b269,Puzzle
be0ca4f1ffed5026,Racing
c3965b4fc1b86583,Adventure
c3965b4fc1b86583,Point-and-Click
c3965b4fc1b86583,Puzzle
160550405b3bad8f,Adventure
160550405b3bad8f,Shooter
0086b84617e7a2f5,Adventure
0086b84617e7a2f5,Shooter
0086b84617e7a2f5,Tactical
96fa3c84ce591bf1,Adventure
96fa3c84ce591bf1,Strategy
96fa3c84ce591bf1,Tactical
31fa62e7fa375378,Racing
f2cd1c976b948c95,Arcade
f2cd1c976b948c95,Fighting
a2158932e1252637,Adventure
a2158932e1252637,Brawler
a2158932e1252637,RPG
f3bb6c08231b56ff,Adventure
f3bb6c08231b56ff,Indie
f3bb6c08231b56ff,Point-and-Click
f3bb6c08231b56ff,Puzzle
2532620f338a7176,Adventure
2532620f338a7176,Brawler
2532620f338a7176,Indie
2532620f338a7176,Platform
957553a9e8873804,RPG
c6cb896cb162c36b,Shooter
185efdd10de97785,Sport
621d39f61cf70998,Platform
621d39f61cf70998,Shooter
621d39f61cf70998,Strategy
e6d35aa24d58eaff,Fighting
4adf729f1b5dd6fd,Fighting
2b62ec804b1f571d,Adventure
94e4bea04e7b01d8,Adventure
94e4bea04e7b01d8,Platform
977400bf1032e846,RPG
d2d7ebea4f76a9f1,Platform
d2d7ebea4f76a9f1,Shooter
44a928556b516f4e,Adventure
b08f3cd478002df8,Adventure
b08f3cd478002df8,Indie
b08f3cd478002df8,Platform
b08f3cd478002df8,Puzzle
ac3ff7c3adf3ac20,Adventure
1e7e36472828dc83,Indie
11624d55d3541e26,Shooter
1c39e5ef0695b682,Sport
fdd9b9dcfe10031b,Adventure
fdd9b9dcfe10031b,RPG
e35f86127dfc55c3,Platform
e35f86127dfc55c3,Puzzle
9c02578d0be32fbe,Indie
9c02578d0be32fbe,RPG
9c02578d0be32fbe,Simulator
9c02578d0be32fbe,Strategy
e14846d72ad069d8,Adventure
e14846d72ad069d8,Platform
08903a7fdbd9163e,RPG
08903a7fdbd9163e,Shooter
b7004834f74262f6,Adventure
b7004834f74262f6,Indie
b7004834f74262f6,Platform
b7004834f74262f6,RPG
4191aac0fc852d5e,Adventure
4191aac0fc852d5e,Indie
e9ce75965521779e,Racing
cd08fc3b94c72caa,Adventure
cd08fc3b94c72caa,Visual Novel
83abb68e59335348,Indie
83abb68e59335348,RPG
83abb68e59335348,Strategy
83abb68e59335348,Tactical
83abb68e59335348,Turn Based Strategy
d45ef68d7b594bee,Brawler
d45ef68d7b594bee,Platform
47c49d0c1604029a,Adventure
47c49d0c1604029a,Indie
47c49d0c1604029a,Point-and-Click
47c49d0c1604029a,Puzzle
55e53ef1610e0e27,Indie
55e53ef1610e0e27,Point-and-Click
55e53ef1610e0e27,Simulator
e92c93bae3636564,Adventure
e92c93bae3636564,Shooter
8b694247be6ee532,Adventure
8b694247be6ee532,Platform
8b694247be6ee532,Shooter
acc0770c98de535f,Sport
63537755454d453a,Sport
a508f59a4b01db88,Card & Board Game
a508f59a4b01db88,Indie
a508f59a4b01db88,Puzzle
a508f59a4b01db88,Simulator
d8ae1c526ca31bc7,Adventure
d8ae1c526ca31bc7,Indie
d8ae1c526ca31bc7,Platform
d8ae1c526ca31bc7,Puzzle
d8ae1c526ca31bc7,Strategy
c05bdaf884b9fc40,Arcade
f8906460e1e66f51,Adventure
3b9fcfbe1b879686,Fighting
a6fc0f5d434518f1,Shooter
d5d8edcd586b7c56,Adventure
d5d8edcd586b7c56,Shooter
7bde05b57c457f17,Adventure
7bde05b57c457f17,Indie
7bde05b57c457f17,Shooter
7bde05b57c457f17,Strategy
0ceddc9e625aa7c6,Adventure
0ceddc9e625aa7c6,Brawler
6fdd6d80e016399f,RPG
0c6602d457a3ffe1,Brawler
0c6602d457a3ffe1,Fighting
0c6602d457a3ffe1,Indie
428eefa586310f48,Sport
4da37f7919a0fa51,Arcade
4da37f7919a0fa51,Indie
4da37f7919a0fa51,Music
4da37f7919a0fa51,Platform
39762cb4da08c9a6,Adventure
39762cb4da08c9a6,Arcade
39762cb4da08c9a6,Pinball
29478e0abfa4a3df,Simulator
29478e0abfa4a3df,Sport
2bd67ffd4cf25b2e,Adventure
2bd67ffd4cf25b2e,Indie
2bd67ffd4cf25b2e,Platform
2bd67ffd4cf25b2e,Puzzle
6c5e3ad2d5956cfb,Brawler
6c5e3ad2d5956cfb,Fighting
af6dbbab56f236c5,Fighting
648605d828de31e7,Adventure
648605d828de31e7,Visual Novel
196328f57b75ec7c,Adventure
196328f57b75ec7c,Visual Novel
4e5eff6e799b2fd6,Adventure
4e5eff6e799b2fd6,Visual Novel
67e8c70fffb3275a,Adventure
67e8c70fffb3275a,Platform
8d9134b447e61aa9,Adventure
8d9134b447e61aa9,Platform
8d9134b447e61aa9,Shooter
f421cedc43b468a6,
8c5fc1e05707da44,Arcade
8c5fc1e05707da44,Simulator
1bb49c201b66f6ba,Fighting
1bb49c201b66f6ba,Racing
1bb49c201b66f6ba,Shooter
f765e80dcb7c90db,RPG
f765e80dcb7c90db,Strategy
555ce845c3c09fd9,RPG
fa419e37d90ed904,Indie
fa419e37d90ed904,Puzzle
fa419e37d90ed904,Quiz/Trivia
fa419e37d90ed904,Strategy
45ef825c91312b55,Shooter
45ef825c91312b55,Tactical
d16441dd9e32e502,Shooter
744466bfc00bb404,Adventure
744466bfc00bb404,Brawler
744466bfc00bb404,Fighting
744466bfc00bb404,RPG
eaef916f07760548,Adventure
949f866c14952610,Adventure
949f866c14952610,Indie
949f866c14952610,RPG
949f866c14952610,Turn Based Strategy
c7bd0d4c20f063c4,Puzzle
c7bd0d4c20f063c4,Strategy
dc0a2710576167e9,Adventure
dc0a2710576167e9,Indie
dc0a2710576167e9,RPG
dc0a2710576167e9,Turn Based Strategy
d4e19e650b3bedff,Fighting
e9f3ee495b2c9cf3,Brawler
e9f3ee495b2c9cf3,RPG
17530710d078d948,Adventure
17530710d078d948,Racing
17530710d078d948,Shooter
c48689736becbfdc,Real Time Strategy
c48689736becbfdc,Simulator
c48689736becbfdc,Strategy
c76c44ccbf3c0832,Music
d5ae0899e41acbd5,Adventure
d5ae0899e41acbd5,Fighting
3218bf5cdc6dafa3,Adventure
3218bf5cdc6dafa3,Arcade
3218bf5cdc6dafa3,Platform
3218bf5cdc6dafa3,Shooter
475d41cc409741c0,Fighting
28d08c8a24e74d45,Shooter
b3f797ae79ff8ea2,Fighting
b3f797ae79ff8ea2,Sport
b2b6baf409aa076f,Adventure
b2b6baf409aa076f,Indie
b2b6baf409aa076f,RPG
6629f081ead794d6,Adventure
6629f081ead794d6,Racing
6629f081ead794d6,Shooter
6c0d6aaa904fc749,Platform
cae579d686c934fd,Fighting
830115caf8cdc1df,Simulator
830115caf8cdc1df,Strategy
830115caf8cdc1df,Tactical
ff6f0d575395aa41,Fighting
2b636d0099372aae,Adventure
2b636d0099372aae,Platform
2b636d0099372aae,Puzzle
924e5a9fa6799074,Adventure
924e5a9fa6799074,Point-and-Click
4bd8fcafe78f6ede,Arcade
4bd8fcafe78f6ede,Racing
a62c995978ddc586,Brawler
a62c995978ddc586,RPG
a920d43300c7e9a6,Adventure
a920d43300c7e9a6,RPG
a920d43300c7e9a6,Strategy
a920d43300c7e9a6,Tactical
a920d43300c7e9a6,Turn Based Strategy
70f321d30d318c10,Adventure
70f321d30d318c10,Puzzle
