game_id,developer
0cac92a7051ee382cee2f4a632c2bec5,Bandai Namco Entertainment
0cac92a7051ee382cee2f4a632c2bec5,FromSoftware
ba1bb122ebf76767e330567259a01ff0,Supergiant Games
c03680f8f4a6f70e1ceb98bec4b3f910,Nintendo
c03680f8f4a6f70e1ceb98bec4b3f910,Nintendo EPD Production Group No. 3
1027399473d2674e3854814eca3fb0a6,tobyfox
1027399473d2674e3854814eca3fb0a6,8-4
fdb110fe2c79496233b3ca519eae02db,Team Cherry
5ba1641c25337894178deb342dd87963,Mojang Studios
a0a89cfe2e9838a1872f5c4cb6f867e2,OMOCAT
a0a89cfe2e9838a1872f5c4cb6f867e2,PLAYISM
4b4076af6469757e76c693b0f1d16a18,Nintendo
4b4076af6469757e76c693b0f1d16a18,MercurySteam
76890dd1ddc2496e42c18ea16da4970d,InnerSloth
9a893f15c0f62c52c0f236df048d0a1c,PlatinumGames
9a893f15c0f62c52c0f236df048d0a1c,Square Enix
78f8a1e812c1cde6d586a5eeba9df7e2,Atlus USA
78f8a1e812c1cde6d586a5eeba9df7e2,Atlus
b4625248879e092f87b0ea6d0b9875db,BlueTwelve Studio
b4625248879e092f87b0ea6d0b9875db,Annapurna Interactive
6dd8768cd777f28875d3f23b8237ce78,Sony Interactive Entertainment
6dd8768cd777f28875d3f23b8237ce78,SIE Santa Monica Studio
5c55fadce58a7e1c6924d340299d20fa,Valve
5c55fadce58a7e1c6924d340299d20fa,Electronic Arts
8d2871dec4110407de5b425bc23ca476,FromSoftware
8d2871dec4110407de5b425bc23ca476,Sony Computer Entertainment
dd2d044ca582633016a8d409608e8b91,Extremely OK Games
dd2d044ca582633016a8d409608e8b91,Maddy Makes Games
5e0584a88f09854e6e01a6045cb3cabb,Ryū Ga Gotoku Studios
5e0584a88f09854e6e01a6045cb3cabb,Sega
81df25446d7af06184f2fbdfa7b1a8e8,Take-Two Interactive
81df25446d7af06184f2fbdfa7b1a8e8,Rockstar Games
3b89ac990a4cb5bd3405e19089e830e6,Valve
3b89ac990a4cb5bd3405e19089e830e6,Electronic Arts
0a3c86c289d14b5670179f78d0f35675,Nintendo
ad252dce9672e94ef9f2fdc67e5a0b83,Nintendo
ad252dce9672e94ef9f2fdc67e5a0b83,Game Freak
1718e595171f56fcec7a19b7bf9f5f16,Tango Gameworks
1718e595171f56fcec7a19b7bf9f5f16,Bethesda Softworks
a4ccb0a860a7aaa889b97718d8157a4f,Konami
a4ccb0a860a7aaa889b97718d8157a4f,PlatinumGames
1f222bc6d4202677ca91fa80260391a6,Rockstar North
1f222bc6d4202677ca91fa80260391a6,Rockstar Games
0202a04d6561de7b7c56757908b04c4f,CD Projekt RED
ada6bb87ea3d5ddf3dd377ecf36b4bbe,Sony Interactive Entertainment
ada6bb87ea3d5ddf3dd377ecf36b4bbe,SIE Santa Monica Studio
ade4302851129e38bc346a0608759602,Monolith Soft
ade4302851129e38bc346a0608759602,Nintendo
e9d81d9c6c5456c14aa6a390a73c5d7f,HAL Laboratory
e9d81d9c6c5456c14aa6a390a73c5d7f,Nintendo
5e85a2992ede8183ca423942f03c5c47,ZA/UM
767bd9d89e2ea32f7e498d6efe212133,Insomniac Games
767bd9d89e2ea32f7e498d6efe212133,Sony Interactive Entertainment
649a8601a7705e2c7717dcfa0a0bac33,Bandai Namco Entertainment
649a8601a7705e2c7717dcfa0a0bac33,FromSoftware
c47f1a15c6df37b1030a4f64dc08e21d,Toylogic
c47f1a15c6df37b1030a4f64dc08e21d,Square Enix
0c1bdfbf2f502df1c2be1b9e6bde6cfe,Nintendo
0c1bdfbf2f502df1c2be1b9e6bde6cfe,Nintendo EAD
b3604aba3e75784d32fc073cdd471049,Sora
b3604aba3e75784d32fc073cdd471049,Nintendo
123164eedb3dbf5cbaebc17f70a7f37c,Studio MDHR
1dbeddd3d104f13913498ddbbd22fad2,FromSoftware
1dbeddd3d104f13913498ddbbd22fad2,Activision
e0baff17df5b338214a2de18b16b1887,Square
e0baff17df5b338214a2de18b16b1887,Eidos Interactive
913ecd7b125e50022e361dadc2cdb05c,NIS America
913ecd7b125e50022e361dadc2cdb05c,Atlus
fda0a6369d194836c5e9980390a163a4,miHoYo
fda0a6369d194836c5e9980390a163a4,HoYoverse
116148d3105d6ef18dd3aa85e0ea7f78,rose-engine
116148d3105d6ef18dd3aa85e0ea7f78,Humble Games
67648951d83bca2a4d75c5b72ceb1b2a,Capcom
57a778fe8b0d51ba382991f405b76998,Nintendo EAD
57a778fe8b0d51ba382991f405b76998,Nintendo
260080d235c238b0db028bd4760afb96,Obsidian Entertainment
260080d235c238b0db028bd4760afb96,Bandai Namco Entertainment
240635a68585701b1628d470d82f7f6f,Mobius Digital
240635a68585701b1628d470d82f7f6f,Annapurna Interactive
6339c97d81797a180e3b531ea6c29893,Capcom
6339c97d81797a180e3b531ea6c29893,Capcom Development Division 1
6a295b6ea75e5ae2bd52a5c647a7020d,id Software
6a295b6ea75e5ae2bd52a5c647a7020d,Bethesda Softworks
76085e9105741615ae3b79c6c948ad4b,Atlus
76085e9105741615ae3b79c6c948ad4b,Sega
73b4a0f1012362976dfcd61132df775d,Nex Entertainment
73b4a0f1012362976dfcd61132df775d,Sega
39576af79cc2b23bdebd7c18ece49335,ConcernedApe
39576af79cc2b23bdebd7c18ece49335,Chucklefish Games
c8a4e2e053fe93bf78f1da9369aace7b,Naughty Dog
c8a4e2e053fe93bf78f1da9369aace7b,Sony Interactive Entertainment
663e0a3e5870511875e114254a5a2dd2,Team Silent
663e0a3e5870511875e114254a5a2dd2,Konami
ab9eebac09173282ae066ad227cab13c,WB Games
ab9eebac09173282ae066ad227cab13c,CD Projekt RED
9253f07d143f85a78aba95ec59b29a75,Atlus
9253f07d143f85a78aba95ec59b29a75,Atlus USA
e0629b93673369380e5022daba974780,Bethesda Softworks
e0629b93673369380e5022daba974780,id Software
2be24a7bb3b3887dd985a69d96d9ed2a,Bethesda Game Studios
2be24a7bb3b3887dd985a69d96d9ed2a,Bethesda Softworks
b357abd755032d4062a16989556cb631,Ben Esposito
b357abd755032d4062a16989556cb631,Annapurna Interactive
f6f55a4b11dcd2819b1cadfbec6d844e,Capcom
f6f55a4b11dcd2819b1cadfbec6d844e,Capcom Development Division 1
457fedee87bd91faf51a2c5f4a915d58,Blizzard Entertainment
050fb2a2878d8d86d11bb1d268b4b269,Capcom
050fb2a2878d8d86d11bb1d268b4b269,Capcom Production Studio 4
9d6579391002d3e09644a90504a46442,Square Enix
0e2312f84e01bc189d37cc77ca27b01d,Sega
0e2312f84e01bc189d37cc77ca27b01d,Sonic Team
68b9ef84a18802117f333536da33a48f,Devolver Digital
68b9ef84a18802117f333536da33a48f,Daniel Mullins Games
64c353eccfcc9ee06d5caeda7aa87063,Andrew Shouldice
64c353eccfcc9ee06d5caeda7aa87063,Finji
450b4e84441811a8ffa87988ba8ad4f3,FromSoftware
450b4e84441811a8ffa87988ba8ad4f3,Bandai Namco Entertainment
e1a90d4ccf0f3a54ca16922ee6b2efeb,Nintendo
e1a90d4ccf0f3a54ca16922ee6b2efeb,Nintendo EAD
edbe40f6bf1f29d56afd8b4489401bd9,8-4
edbe40f6bf1f29d56afd8b4489401bd9,tobyfox
b9e1291fb543964893deefe005fdac1b,Square
23e7f47a300d19f49301f93043f20b68,Konami Computer Entertainment Japan
23e7f47a300d19f49301f93043f20b68,Konami
032d772c9d0dd20fe8c8c148b0272413,Nintendo
032d772c9d0dd20fe8c8c148b0272413,Nintendo EAD
e5cc919647ec26f4b86be2e67969144f,Sony Interactive Entertainment
e5cc919647ec26f4b86be2e67969144f,Kojima Productions
a5f96ad339d507f90411f3fed1219df7,Insomniac Games
a5f96ad339d507f90411f3fed1219df7,Sony Interactive Entertainment
33bad662547c98943873cf2c4cf601a4,Bandai Namco Entertainment
33bad662547c98943873cf2c4cf601a4,QLOC
4f7ff063fdfca5f7d649a10c984ea514,Nintendo
4f7ff063fdfca5f7d649a10c984ea514,Creatures Inc.
1bc11155a82340f0ee58466e775f4c49,Konami
1bc11155a82340f0ee58466e775f4c49,Konami Computer Entertainment Tokyo
992ef809b2a37399835af6b7a5080848,Nintendo R&D1
992ef809b2a37399835af6b7a5080848,Nintendo
71fcc1c97fe8276ac7b42e077b95d553,Nintendo
71fcc1c97fe8276ac7b42e077b95d553,Nintendo R&D4
ffb747243d5a06237e0f2d39517fe369,Nintendo
ffb747243d5a06237e0f2d39517fe369,Nintendo EAD
41acec81864b561966aed107049d58c2,Respawn Entertainment
41acec81864b561966aed107049d58c2,Electronic Arts
1371f6d63a2a117ae31385749398fe07,Naughty Dog
1371f6d63a2a117ae31385749398fe07,Sony Computer Entertainment
b75ad1e3aa54ec164159ab2c8a0275bc,Re-Logic
b75ad1e3aa54ec164159ab2c8a0275bc,Headup Games
9b8ef963d1d38aa7e83a1bd3323031cd,Capcom
81d7f6d11280c25c274a9385566e32cd,Konami
81d7f6d11280c25c274a9385566e32cd,Kojima Productions
f344216e7c9bdee2efe688a603908d49,Blizzard Entertainment
f344216e7c9bdee2efe688a603908d49,Square Enix
30b237c15b2860621067cb7621648747,Sierra Entertainment
30b237c15b2860621067cb7621648747,Valve
ae7a0632a7d60617041332648a2df42b,"Intelligent Systems Co., Ltd."
ae7a0632a7d60617041332648a2df42b,Nintendo
9d6d7c397ad5e7ce2cfbdb3254ebe2d8,Rockstar Games
9d6d7c397ad5e7ce2cfbdb3254ebe2d8,Rockstar North
bc539258050d0ffccf2ea833fcf3b4f7,Vanillaware
bc539258050d0ffccf2ea833fcf3b4f7,Atlus USA
a8734db35e6f1c0cb91d280fc9cf8c9a,Atlus
a8734db35e6f1c0cb91d280fc9cf8c9a,Atlus USA
cd776bb540b497b64dab1cdad3fac234,Capcom Production Studio 4
cd776bb540b497b64dab1cdad3fac234,Capcom
a9f804a432ff9697cede746de94e948e,Nintendo of America
a9f804a432ff9697cede746de94e948e,Nintendo EPD
689ba11bca8f5466e9db0d4c49243889,Nintendo
689ba11bca8f5466e9db0d4c49243889,Intelligent Systems
991c1db8904907559e8af8bcd7e2c857,Game Freak
991c1db8904907559e8af8bcd7e2c857,Nintendo
a78cd1d452b06b8d08f22e2d1b69f8dc,Dennaton Games
a78cd1d452b06b8d08f22e2d1b69f8dc,Devolver Digital
2e9739886a269c86c922e8f3badb751b,Tour De Pizza
14b495ef5a58b664cd6edb81c73c864b,Xbox Game Studios
14b495ef5a58b664cd6edb81c73c864b,Double Fine Productions
63e5e1d31f11a8970444c41d5e930538,Nintendo
63e5e1d31f11a8970444c41d5e930538,Retro Studios
06abcf8a95a2c8926b50d7f869fbbfab,Xbox Game Studios
06abcf8a95a2c8926b50d7f869fbbfab,343 Industries
8564250ce489cf9957be4c1423c0aa1f,Eidos Interactive
8564250ce489cf9957be4c1423c0aa1f,Rocksteady Studios
3832a28358f066c811f10eeb3b16d1e6,Nintendo EAD
3832a28358f066c811f10eeb3b16d1e6,Nintendo
2dedd889c3b229c62b0e0cce62773720,HAL Laboratory
2dedd889c3b229c62b0e0cce62773720,Nintendo
4cc59005c58a73f24586cf375a8bce6f,Player First Games
4cc59005c58a73f24586cf375a8bce6f,WB Games
75233cb2b26367483686d25833ac4621,Monolith Soft
75233cb2b26367483686d25833ac4621,Nintendo
fa297113dc80ac840473e89597654c1b,Sierra Entertainment
fa297113dc80ac840473e89597654c1b,Valve
52b8457d9b92603e6adfddb7bc0267e2,Square Enix
52b8457d9b92603e6adfddb7bc0267e2,Eidos Montréal
563fa9beb6537d90266258f26feb191c,NIS America
563fa9beb6537d90266258f26feb191c,Spike ChunSoft
9baa345626d889d017bc67ba103bfb79,Devolver Digital
9baa345626d889d017bc67ba103bfb79,Massive Monster
97789f38fdf322c81fa8f3ce7deb305c,PagodaWest Games
97789f38fdf322c81fa8f3ce7deb305c,Sega
3118c7396645f5852794a8fff5174d90,Guerrilla Games
3118c7396645f5852794a8fff5174d90,Sony Interactive Entertainment
4be518b370ee917df69342a2f5613bf3,Turtle Rock Studios
4be518b370ee917df69342a2f5613bf3,Valve
09f039c0308c907c5ee02b4b5e03ab4e,GOA Games Services Ltd.
09f039c0308c907c5ee02b4b5e03ab4e,Riot Games
209024e88f649bc5b610c0e4de6ceaa7,505 Games
209024e88f649bc5b610c0e4de6ceaa7,Remedy Entertainment
74864b30ac8e2d8a5a7b37df069c87c1,Team Salvato
f38a3019e454e1eb830bef620243e6ca,DC Entertainment
f38a3019e454e1eb830bef620243e6ca,Rocksteady Studios
ab9a3f792dff0badcb8e3ddcc509529b,Sega
ab9a3f792dff0badcb8e3ddcc509529b,Ryū Ga Gotoku Studios
d7b54248c2a1ce66397c0567f72618ce,Nintendo Australia
d7b54248c2a1ce66397c0567f72618ce,Capcom
d96ac252376958fbe61f2eb28bb27b51,Electronic Arts
d96ac252376958fbe61f2eb28bb27b51,Valve
3b04594d4e565083152a48a857a23e46,Monolith Soft
3b04594d4e565083152a48a857a23e46,Nintendo
6e790ca9cc4a4020dd64e1b9a90257b1,Nintendo
2a58520f4d0465e4c9a089ffd261a8b3,Google
e51c961dd36719cfc758ed95aa4c8291,Askiisoft
e51c961dd36719cfc758ed95aa4c8291,Devolver Digital
149059b34ae59cae468eb0dfa85d0e85,DON'T NOD
149059b34ae59cae468eb0dfa85d0e85,Square Enix
9b895232c6de881b32efb689b716b26f,Bandai Namco Entertainment
9b895232c6de881b32efb689b716b26f,FromSoftware
8d6eb2afd4218c49419c01e3df6b6580,Bethesda Softworks
8d6eb2afd4218c49419c01e3df6b6580,Arkane Studios
ecd4ef4a40cbb7024f5518a33d7474f2,"Sony Computer Entertainment, Inc. (SCEI)"
ecd4ef4a40cbb7024f5518a33d7474f2,Team Ico
4a79c0bfb642f20cb4f600e5083cb23b,DotEmu
4a79c0bfb642f20cb4f600e5083cb23b,Tribute Games
0e7d12218e0145bfb8daa2ef80ff9e96,Sloclap
0e7d12218e0145bfb8daa2ef80ff9e96,Kepler Interactive
8473025f6d69c933afe3cd401108b59a,Nintendo R&D4
8473025f6d69c933afe3cd401108b59a,Nintendo
360a9f306cce92a4120a5e4647468c21,Arkane Studios
360a9f306cce92a4120a5e4647468c21,Bethesda Softworks
9d7a8b54ee7a6dfe8bde3d88f4d1f63c,Konami Computer Entertainment Japan
9d7a8b54ee7a6dfe8bde3d88f4d1f63c,Konami
7691100442144608d128d3e31450b6e2,Sony Computer Entertainment
7691100442144608d128d3e31450b6e2,ThatGameCompany
63194c6020e7da50146d4435bf6cc0a5,Square
63194c6020e7da50146d4435bf6cc0a5,Disney Interactive Studios
f71697e1afe1ff39ca7546890a58ff0b,Respawn Entertainment
f71697e1afe1ff39ca7546890a58ff0b,Electronic Arts
1992589ce00bfea0e5a33c0fd11305ab,Activision
1992589ce00bfea0e5a33c0fd11305ab,id Software
a9407e84b75412ee2e7e3403e743903c,Square Enix
5865ed01198aef709314d622b3f45b93,Naughty Dog
5865ed01198aef709314d622b3f45b93,Sony Computer Entertainment
6124eae00c97b55ff5551bb6b639b4ab,Sonic Team
6124eae00c97b55ff5551bb6b639b4ab,Sega
1581102a7ef2aca4c3651bc5bdb90392,Psyonix
e93cce0d4699693cc463ac682dc07524,Rocksteady Studios
e93cce0d4699693cc463ac682dc07524,Warner Bros. Interactive Entertainment
739a47a507f51a1fe91a96eb6ab9aae6,PlatinumGames
739a47a507f51a1fe91a96eb6ab9aae6,Nintendo
6c685e0034afa83ecef4e86e6c3030c3,ZA/UM
749e51c1240b962adf6bf21685ac80a4,Bandai Namco Studios
749e51c1240b962adf6bf21685ac80a4,Arc System Works
289d96100b2c6f23fc278fb3299ecf44,Nintendo
289d96100b2c6f23fc278fb3299ecf44,Nintendo EAD Group No. 2
58ea57054aec877080abc68f4b36a667,Portkey Games
58ea57054aec877080abc68f4b36a667,Avalanche Software
3568b0c7976dbff583cbbc10416f24df,Nintendo
3568b0c7976dbff583cbbc10416f24df,Nintendo EAD
9632883902c3e73500865f50d8dd71b7,K2
9632883902c3e73500865f50d8dd71b7,Capcom
2359fe0fcb5ce9e4f4f75b8dc8910adb,Witch Beam
2359fe0fcb5ce9e4f4f75b8dc8910adb,Humble Games
4000bc21629e59296d2c9ceeb4ea42f1,Rockstar Games
4000bc21629e59296d2c9ceeb4ea42f1,Rockstar North
55a4fdd8fa0517fc3e75e15bc086cf60,Bandai Namco Entertainment
55a4fdd8fa0517fc3e75e15bc086cf60,Bandai Namco Studios
4761c7b733fb83fd53ed283f490e531b,8-4
4761c7b733fb83fd53ed283f490e531b,tobyfox
89250f4c4ea98839af086cec1ab5c485,Motive Studios
89250f4c4ea98839af086cec1ab5c485,Electronic Arts
c5c08842eb803a06fd480f37ab2b4d35,Square Enix
c5c08842eb803a06fd480f37ab2b4d35,Crystal Dynamics
725ced4a8b39f6b91ec220edbe193a6d,Nintendo EAD
725ced4a8b39f6b91ec220edbe193a6d,Nintendo
a2a05aa701c32e27347f18f7f68b0d72,Rare
64fbcc03d4070e550ff78d5af03ddcfe,Annapurna Interactive
64fbcc03d4070e550ff78d5af03ddcfe,Giant Sparrow
5bbfa88dcfab8e875031def3e4a18ddc,Capcom
5bbfa88dcfab8e875031def3e4a18ddc,Capcom Development Division 2
f517418e99abdd862b3dfdd66c9a901b,Nintendo
f517418e99abdd862b3dfdd66c9a901b,Game Freak
796bab1b1cb295a158b5d0e7f75b54f4,Square Enix
8689ab268595e5c65dc376484c660802,Ubisoft Montreal
8689ab268595e5c65dc376484c660802,Ubisoft Entertainment
3266bd58204739b6fe3995c2b70e8632,Nintendo
3266bd58204739b6fe3995c2b70e8632,Game Freak
688a97c39bfce7d9adba4e5e3556340d,EA Redwood Shores
688a97c39bfce7d9adba4e5e3556340d,Electronic Arts
df49f728eeb84ce34e203625caa3049f,Nintendo
910f986daa600771bd04e4267c39370d,Sony Interactive Entertainment
910f986daa600771bd04e4267c39370d,Bluepoint Games
f6901a8d14e75bb43728d836f0b4c675,Guerrilla Games
f6901a8d14e75bb43728d836f0b4c675,Sony Interactive Entertainment
c8a79e364886ac1c8cafa0a08b001fc1,SCE Santa Monica Studio
c8a79e364886ac1c8cafa0a08b001fc1,Sony Computer Entertainment
e1de3891d24dd3aa2b158065aef73b94,Quantic Dream
e1de3891d24dd3aa2b158065aef73b94,Sony Interactive Entertainment
548be0ea1868e6534c823d8920930734,Square Enix
8954e5985d6a3c1dceae6289620a6963,Omega Force
8954e5985d6a3c1dceae6289620a6963,Sega
1055fab00e1f463b3c2ff2ace00b5156,Microsoft Game Studios
1055fab00e1f463b3c2ff2ace00b5156,Playdead
67263186fd9738b8996fafc1ccb5bba6,Nintendo
67263186fd9738b8996fafc1ccb5bba6,Game Freak
75c502c22f8bc1750edc55ed62406971,Team NINJA
75c502c22f8bc1750edc55ed62406971,Square Enix
fee32b667774ed134b8b30a6efdf1a19,Capcom
fee32b667774ed134b8b30a6efdf1a19,Grasshopper Manufacture
ed4bfb03c69327fc66b0a203785a8106,Rockstar North
ed4bfb03c69327fc66b0a203785a8106,Rockstar Games
4d206541f46dc2790a3a32d0df37a305,Nintendo R&D1
4d206541f46dc2790a3a32d0df37a305,Nintendo
885e64832ef41dcbfc69426e41a3d08c,Square Electronic Arts
885e64832ef41dcbfc69426e41a3d08c,Square
5e65ba3170f06006315f1fa8788e0e93,NIS America
5e65ba3170f06006315f1fa8788e0e93,Spike ChunSoft
49f9bf677fab245b51030fdd289058dc,Square
49f9bf677fab245b51030fdd289058dc,Square Electronic Arts
343f157e12a59f57d4dbfc69090b5a12,Bungie
343f157e12a59f57d4dbfc69090b5a12,Microsoft Game Studios
d15f46e91e86dc15ccebf2fbfd18928d,Nintendo
d15f46e91e86dc15ccebf2fbfd18928d,Nintendo R&D1
8ceca509acdc89142631b6d8b3582b7d,Square Enix
8ceca509acdc89142631b6d8b3582b7d,Square
191a77204e73c4f0ddd9f7846a9918ee,Ysbryd Games
191a77204e73c4f0ddd9f7846a9918ee,SUKEBAN
10eeaaec8c6f34199c05a6f89b2fac50,Motion Twin
fee861496008fe2c87a7aa76af7c2969,Ubisoft Entertainment
fee861496008fe2c87a7aa76af7c2969,Ubisoft Montreal
b915c7c331758711eee9bf710ac925b4,Crows Crows Crows
b297ac399c983de04f6290ab34d0079f,IMGN.PRO
b297ac399c983de04f6290ab34d0079f,SUPERHOT Team
fd5f175d72207c35c0186a0ebd05c0e7,PopCap Games
fb72334fddfda07093676e3a9c3f8382,Moon Studios
fb72334fddfda07093676e3a9c3f8382,Microsoft Studios
21ba287b733874450a904744f986b0df,Bluepoint Games
21ba287b733874450a904744f986b0df,Sony Interactive Entertainment
99ccc88e724a7762f3a5cb2caf35886c,Focus Entertainment
99ccc88e724a7762f3a5cb2caf35886c,Asobo Studio
9a201aa6b889c31e5c3aaaf2287f037f,Nintendo
9a201aa6b889c31e5c3aaaf2287f037f,Grezzo
42127be094186887f673aeb8af90c71c,Ubisoft Montreal
42127be094186887f673aeb8af90c71c,Ubisoft Entertainment
bbedc25e269f205bb2fa4020619ba091,Sega Games
bbedc25e269f205bb2fa4020619ba091,Ryu ga Gotoku Studios
a20705a236b6c8c4048b6af4dd73750f,Activision
a20705a236b6c8c4048b6af4dd73750f,Treyarch
68d44e4928a5a48b10d60557991133b4,Sony Interactive Entertainment
68d44e4928a5a48b10d60557991133b4,Insomniac Games
30041cba75e5e8ba4b6620e0affbec30,Nintendo
30041cba75e5e8ba4b6620e0affbec30,Game Freak
f41f79c250d13096aceeaa23770a1f4e,Galactic Cafe
e5f5a9df3928c42381aa16363c5e2245,Nintendo EAD
e5f5a9df3928c42381aa16363c5e2245,Nintendo
3e1f4f0398e974292ca4f9067a706e12,Spike ChunSoft
28331f3573666df0fc72e9dcb53a307b,Capcom
9566188e80725306dc36d11e6f05ed11,Square Enix
39cddb0f4157b7a2f0efd8ef1049a737,Nintendo
39cddb0f4157b7a2f0efd8ef1049a737,"Intelligent Systems Co., Ltd."
fa4cd6614aea9c585552608a9be0534d,"Sony Computer Entertainment, Inc. (SCEI)"
fa4cd6614aea9c585552608a9be0534d,SIE Santa Monica Studio
1a086c318ce1274a0126184e5c35e384,BioWare
1a086c318ce1274a0126184e5c35e384,Electronic Arts
98e96d44c1999a37ae0a7dc2eb117143,Playground Games
98e96d44c1999a37ae0a7dc2eb117143,Xbox Game Studios
05a9358746f1bc769874861c5119e3ac,Konami
05a9358746f1bc769874861c5119e3ac,Kojima Productions
58acb573c7c37d13de0b204a0fb2a12f,Grasshopper Manufacture
5b9cb061404b9a7ea34cfd31afa6fa3c,Microsoft Game Studios
5b9cb061404b9a7ea34cfd31afa6fa3c,Rare
c7628066b8ceb34626e77b6d4c332312,SIE Japan Studio
c7628066b8ceb34626e77b6d4c332312,Sony Interactive Entertainment
6cb5b00e0b6735f00af3e9d1fea97a4c,Treyarch
6cb5b00e0b6735f00af3e9d1fea97a4c,Activision
5d1ed8dabf15c68aad1a959cf3f749ff,Nintendo
5d1ed8dabf15c68aad1a959cf3f749ff,Nintendo EAD Software Development Group No.3
480b81c93a487860725b61ff510b05a3,Rozner Labs Software Group
480b81c93a487860725b61ff510b05a3,Nintendo
c111065e7fd67c42bce45dd900c922ad,Gearbox Publishing
c111065e7fd67c42bce45dd900c922ad,Unknown Worlds Entertainment
c7ba513068df843794e4d85c2f34639c,Housemarque
c7ba513068df843794e4d85c2f34639c,Sony Interactive Entertainment
037a3bbad0afd15f1cf7fee684d95c40,Nintendo
037a3bbad0afd15f1cf7fee684d95c40,Nintendo EAD
7f1583c0ffc040f85dff88627c9151ec,Fellow Traveller
7f1583c0ffc040f85dff88627c9151ec,Jump Over The Age
4c0ad986af29ccf76a5c0ce5e026daf4,Ryū Ga Gotoku Studios
aa7dfc29f22b18184d14c9591357d39a,Facepunch Studios
aa7dfc29f22b18184d14c9591357d39a,Valve
4a714c9e2b2cba689953f2ab7f65cecf,MachineGames
4a714c9e2b2cba689953f2ab7f65cecf,Bethesda Softworks
f9806ca69f2a47060c21115393f1dbe1,Aspyr Media
f9806ca69f2a47060c21115393f1dbe1,Ion Storm
b26b8ea61b9598c7d079fe6ae7a70520,2K Marin
b26b8ea61b9598c7d079fe6ae7a70520,2K Games
67a0da5653e6d0b8cfb8dc7b65701dec,Sega
67a0da5653e6d0b8cfb8dc7b65701dec,Atlus
022ef1b29ea1acb3323d684e535b2272,Dodge Roll
022ef1b29ea1acb3323d684e535b2272,Devolver Digital
10b7703ccb71a70521c84684251a53a3,Dramatic Create
10b7703ccb71a70521c84684251a53a3,NOVECT
44771ce61d89b1e3e48f3ecb3e3135ac,Yacht Club Games
73271611271998ad3cef19c8f7a5456b,Panic
73271611271998ad3cef19c8f7a5456b,Campo Santo
e25abd907bb900294de2762816c65b28,FromSoftware
e25abd907bb900294de2762816c65b28,Bandai Namco Entertainment
a70931f60cb8cb6cb9455aad25adddc0,The Game Kitchen
a70931f60cb8cb6cb9455aad25adddc0,Team17
a00311cca83b1bda63ebca55a7caeeec,Square Enix
ce5f564187ae19b70d15e3cc8572dd89,Half Mermaid
1a50fb62fb92e6a1d99b5cd685e62de5,Capcom
c1b4f2789516fcfd841ba0c45f787322,Capcom
c1b4f2789516fcfd841ba0c45f787322,Capcom Production Studio 1
ffc995d19955e553f905e5fa742ceaa4,Sony Interactive Entertainment
ffc995d19955e553f905e5fa742ceaa4,Naughty Dog
d0ae063f6acf3f45caa32ba0b0f347b8,BlitWorks
d0ae063f6acf3f45caa32ba0b0f347b8,Team Meat
5396aed79d50cfbdb69119b91aeffc85,BioWare
5396aed79d50cfbdb69119b91aeffc85,EA
0497c2ed1f6324ccb2406b83285b9e55,Vanripper
c709bf13596fa0f926150db0382ac1d3,Game Freak
c709bf13596fa0f926150db0382ac1d3,Nintendo
3c4b3dc058316045f53d6fb71926533d,Activision
3c4b3dc058316045f53d6fb71926533d,Vicarious Visions
59fd7f028891ba9536799e10b9d62b08,Nintendo
7d34c3e4f5868d0f5d62bb1243418755,Riot Games
19fbb545d7dc62bd2ba83f8898c1887f,Nintendo
3e41643803d4428b704a87b7e1603a66,Naughty Dog
3e41643803d4428b704a87b7e1603a66,"Sony Computer Entertainment, Inc. (SCEI)"
e89a25ffe25b0cff38bbdd81b19bb684,Capcom
3a27a83116d5a016089c536fd80c297c,Kikiyama
3a27a83116d5a016089c536fd80c297c,"DeNA Co., Ltd."
e59af5f2190784ec1f6976840ffebb59,Gathering of Developers
e59af5f2190784ec1f6976840ffebb59,Remedy Entertainment
981e3a2e1ef186cb7151153257002992,Clickteam
981e3a2e1ef186cb7151153257002992,Scottgames
11ec278006544c571280e35067da9467,Nintendo
11ec278006544c571280e35067da9467,Rare
78c142a769f8d83d87d2cd72cadf719a,Nintendo
78c142a769f8d83d87d2cd72cadf719a,Game Freak
3a1ea2b7ed65c01151a247bf678a652a,Red Barrels
c9afdfea833ca326c46aba2a7ca8731d,IO Interactive
0b5245918af7e32ed69179d5cb70923c,Raw Fury
0b5245918af7e32ed69179d5cb70923c,Shedworks
f5c27c9a5f0abd6ee7e4b0d1fc2d2056,Sora
f5c27c9a5f0abd6ee7e4b0d1fc2d2056,Nintendo
d54f990f190dcbb58e98fd4c1d7b2f5d,HAL Laboratory
d54f990f190dcbb58e98fd4c1d7b2f5d,Nintendo
ab69777e28bb6495e8a724869f585889,Bandai Namco Entertainment
ab69777e28bb6495e8a724869f585889,Bandai Namco Studios
ffc1164fa0298471b7b59fd499ee0afa,07th Expansion
8eeeba2f76b4b57fc8218bf545d5cab9,Buena Vista Games
8eeeba2f76b4b57fc8218bf545d5cab9,Square Enix
ba87086c0fbdd63022a2a4350625b596,Pillow Castle Games
f75d964331eeb909f247264caa5083a2,Kojima Productions
f75d964331eeb909f247264caa5083a2,505 Games
de78804268c3f3dd22827c33d3f5609e,Atlus
de78804268c3f3dd22827c33d3f5609e,NIS America
6730a527ff89d9a906fcbded5668d8d9,Josh Wardle
6730a527ff89d9a906fcbded5668d8d9,The New York Times
db800a5331fa14adfbe164d5465e6124,Electronic Arts
db800a5331fa14adfbe164d5465e6124,The Sims Studio
e69adde500d2e6dc299bf5b4f8bebeb9,Ubisoft Montreal
313d4724754b5388499c518b144b583d,Sega
313d4724754b5388499c518b144b583d,Sonic Team
e65f919a2da65dc0745fddcf9d9a462c,Freebird Games
e65f919a2da65dc0745fddcf9d9a462c,X.D. Network Inc.
068ae8c02b52e96d70ee75157e83fb34,hempuli
d2e2e9532c12f5242bbae839a2de5dce,CD Projekt RED
d2e2e9532c12f5242bbae839a2de5dce,CD Projekt
a24a19e4695698d0bac89f36e17b74a6,Nintendo
a24a19e4695698d0bac89f36e17b74a6,HAL Laboratory
6886e7a8ce99aa69ad8773fb548a929d,Nintendo EAD
6886e7a8ce99aa69ad8773fb548a929d,Nintendo
ef556c8d85efc929a5e73890dadb1a9a,343 Industries
ef556c8d85efc929a5e73890dadb1a9a,Microsoft Studios
8d0f6ff1746cf22d82747c310634148c,Monolith Productions
8d0f6ff1746cf22d82747c310634148c,WB Games
285991d5f6654cfc6da5185958042b7b,Capcom
82871ec78eb2b585c5d2cdc4e1a5c218,Capcom
258cfa41b5a35bf7bd123417d50850ad,Sony Computer Entertainment
258cfa41b5a35bf7bd123417d50850ad,Sucker Punch Productions
f6094421885d21f6c660c241492438ae,BioWare
f6094421885d21f6c660c241492438ae,LucasArts
62f2d9a684f10fe2fa651f925061ef23,Ubisoft Entertainment
62f2d9a684f10fe2fa651f925061ef23,Grasshopper Manufacture
0390839f7521e39898f0fab727e1d6a5,Nintendo of Europe
0390839f7521e39898f0fab727e1d6a5,HAL Laboratory
2bb4f6a1b9c5ad7c6eab03d9a7b40973,Grasshopper Manufacture
2bb4f6a1b9c5ad7c6eab03d9a7b40973,Victor Interactive Software
6401c91a6fb4ffb93d32ee4f6f47ed8d,Namco
6401c91a6fb4ffb93d32ee4f6f47ed8d,NOW Production
5e70b532314658af963c8b218f3f5642,Sega
5e70b532314658af963c8b218f3f5642,Sonic Team
ca23634a85c87687db51b9e05ccf5354,Clover Studio
ca23634a85c87687db51b9e05ccf5354,Capcom
fd06402f1457e41859ea59e453b54541,MercurySteam
fd06402f1457e41859ea59e453b54541,Nintendo
90772a2bc40f6af9a618ee3c20496995,Deck Nine
90772a2bc40f6af9a618ee3c20496995,Square Enix
e8dd0f00db73fbce541573d3aefd2028,Game Freak
e8dd0f00db73fbce541573d3aefd2028,Nintendo
714ac9058c875298555a669117add742,Nintendo
714ac9058c875298555a669117add742,WSS playground
19fa94563fc9ba6811de47dc56cafb08,2K Games
19fa94563fc9ba6811de47dc56cafb08,Gearbox Software
1392217279e85609fbbdffe3881624b5,Team Cherry
4cc7dd7de4a4724257f4c7caea6f2636,Namco
f222f73d7c501f9a1cdabeb112e2c741,Eidos Montréal
f222f73d7c501f9a1cdabeb112e2c741,Square Enix
a10a1d3a2aa12c26ada4499b4e16fd08,Nintendo
a10a1d3a2aa12c26ada4499b4e16fd08,AlphaDream
b949400da019f1d36dfbca705490b87e,One More Level
b949400da019f1d36dfbca705490b87e,All In! Games
faf9531836c91b14d0223bc2af567368,Ubisoft Montreal
faf9531836c91b14d0223bc2af567368,Ubisoft Entertainment
ca6baa5a08cb9a4d3b55a3e4ac5659e1,BioWare Edmonton
ca6baa5a08cb9a4d3b55a3e4ac5659e1,Electronic Arts
33c500ec6529cb4622f4876a0be6c5b3,Coffee Stain Studios
c62c3ae7c2ea9c0b8b00e9523f26dae2,Bethesda Game Studios
c62c3ae7c2ea9c0b8b00e9523f26dae2,Bethesda Softworks
e3f55c337180b130e6a845d94619e5f3,Ubisoft Entertainment
e3f55c337180b130e6a845d94619e5f3,Ubisoft Montreal
032841d49915a343833693f9f98ed74f,Sledgehammer Games
032841d49915a343833693f9f98ed74f,Activision
e23206c45739793be3b297611774c276,ninja_muffin99
68409ca13c88e82bb8bde354e2c05827,"Dean ""ppy"" Herbert"
56394a44dc925d0e75ab6eac8be39c13,Nintendo
56394a44dc925d0e75ab6eac8be39c13,Nintendo EAD Software Development Group No.3
ed37fe4795e0d32c9b6df3eca9dc06c7,FromSoftware
ed37fe4795e0d32c9b6df3eca9dc06c7,Sony Computer Entertainment
767cdc282f0bed73095da065271da066,Nintendo
767cdc282f0bed73095da065271da066,Omega Force
23bb8bd4e744973af1c170b95834ec60,Nintendo
23bb8bd4e744973af1c170b95834ec60,Sora
11b2ead1a860f71e995959a834115528,Nihon Falcom
ca4abb1ee152486c191b8d2bd00f39ee,Square
ca4abb1ee152486c191b8d2bd00f39ee,Nintendo
0fa0f64b92e7d36d9479b7a7f21318e2,PlatinumGames
0fa0f64b92e7d36d9479b7a7f21318e2,Nintendo
bc7e54089c6ce1ce28f4480b33e3f9b3,Ninja Theory
bc7e54089c6ce1ce28f4480b33e3f9b3,Capcom
748f2333c2ae6296532c910ef1821702,Electronic Arts
748f2333c2ae6296532c910ef1821702,BioWare
dca96323d40f754e22b74bbdfb79fe08,Square
dca96323d40f754e22b74bbdfb79fe08,(Archive) Square Product Development Division 4
88c4f55dfdb336bd17d2c70cb64173ce,Frictional Games
0fb33166588896749eab79d8b9633d91,Capcom
75e89ad1f7dc5631722ab1b7fdc6a2af,Nintendo EPD
75e89ad1f7dc5631722ab1b7fdc6a2af,Nintendo
6b27bea4fa34ab7e954204bbbe3fae04,"Intelligent Systems Co., Ltd."
6b27bea4fa34ab7e954204bbbe3fae04,Nintendo
3f8ebaf8684414e42ee7ecce63a8edcb,WB Games
3f8ebaf8684414e42ee7ecce63a8edcb,Traveller's Tales
e9e2984464c8475970009196cc262f96,SEGA of America
e9e2984464c8475970009196cc262f96,Sonic Team
a6272a478af72dae9159e4cf2b272f28,The Pokémon Company
a6272a478af72dae9159e4cf2b272f28,Game Freak
46190fad5083887dde80c582665adbb1,Nintendo
46190fad5083887dde80c582665adbb1,Nintendo EAD
e2542d78b892cafd3341eb608ab2a43e,EA Digital Illusions CE
e2542d78b892cafd3341eb608ab2a43e,Electronic Arts
47041140f5c2d012c1c8dcaf932fff1d,Namco Bandai Games
47041140f5c2d012c1c8dcaf932fff1d,Spike
9b5280afc1494b29ae0fd00ab1bc2b38,Intelligent Systems
9b5280afc1494b29ae0fd00ab1bc2b38,Nintendo
8562418682e3cc75dc6a2e07d757979b,Quantic Dream
8562418682e3cc75dc6a2e07d757979b,Sony Computer Entertainment
19741da37468974adc4cd1e0fc7f8955,Bandai Namco Entertainment
19741da37468974adc4cd1e0fc7f8955,Witchcraft Inc.
6120b2eb07cd7ed81101eab200427aa3,Thunder Lotus Games
6b79a6b896cbbd698e2afc726216dd70,Tarsier Studios
6b79a6b896cbbd698e2afc726216dd70,Bandai Namco Entertainment
c3257751959f7930802df5da1d7500e7,Tango Gameworks
c3257751959f7930802df5da1d7500e7,Bethesda Softworks
faa39dba2a4a39b2617f98fa706fd4a4,Ninja Kiwi
ab7de6cac76f11b479c98e7de14e99fb,Simogo
ab7de6cac76f11b479c98e7de14e99fb,Annapurna Interactive
e3a53fc408157236f55d0d95eb0178a4,Koch Media
e3a53fc408157236f55d0d95eb0178a4,4A Games
1cc545736230b9d080ab4c37c5a36628,Delightworks
1cc545736230b9d080ab4c37c5a36628,French Bread
05c513f61e9ecf8536ea9a0feb47e693,Poncle
49a3979db1776343ab52e6c1d6467f93,Double Fine Productions
49a3979db1776343ab52e6c1d6467f93,Majesco Entertainment
156e08b110c45d87e28d8f5e1c6e98da,Bethesda Game Studios
156e08b110c45d87e28d8f5e1c6e98da,Bethesda Softworks
0ab2f9218e924a0a30b7ec509c5715b6,Naughty Dog
0ab2f9218e924a0a30b7ec509c5715b6,Sony Interactive Entertainment
d4c711ad388d62fecce16edfc19935ac,Nintendo EAD
d4c711ad388d62fecce16edfc19935ac,St. GIGA
6ef5497c5164b79fb9d70bf96512411b,Konami
6ef5497c5164b79fb9d70bf96512411b,Team Silent
e5b53c34fbfb6daa10368e88dc2ccb7d,Nintendo
e5b53c34fbfb6daa10368e88dc2ccb7d,Sora
10a30f2800507b45bab332f713a65cec,Gearbox Software
10a30f2800507b45bab332f713a65cec,2K Games
1577bc68bd848359d0c363f75217b3c4,Grasshopper Manufacture
d19dead651404d496eb25305101001a8,Sucker Punch Productions
d19dead651404d496eb25305101001a8,Sony Interactive Entertainment
c8e3c785972facedacb18cc75c1a4af8,Sega Technical Institute
c8e3c785972facedacb18cc75c1a4af8,Sega
a3b64814f202174bcad9f817a2a0def8,Capcom
a3b64814f202174bcad9f817a2a0def8,Factor 5
c95c5c3e2c08ec8141467d4559cac156,Nitroplus
c95c5c3e2c08ec8141467d4559cac156,JAST USA
29191da761266db8de9e6b1d47685846,Frictional Games
2573eccfc91d396b475e72c3f699328c,"Nicalis, Inc."
65be37aa1c3c99fe505a1338ef1830c4,Nintendo
65be37aa1c3c99fe505a1338ef1830c4,Next Level Games
c85c07e55179b9c3203b334b08cd35d2,MONKEYCRAFT Co. Ltd
c85c07e55179b9c3203b334b08cd35d2,Bandai Namco Entertainment
5e5a7865d4ae7b4db9f5621c75c03954,Nintendo
9ee4a96a673e5e5356799402ac9826a1,The Behemoth
f7e0a412e82a0e1d8aace811e01f94b2,Videocult
f7e0a412e82a0e1d8aace811e01f94b2,Adult Swim Games
67db6b9e7a2e5b83f6aa4f0181143aad,Nintendo
59139ea769f85daa4076ecead92af2c5,Rockstar Vancouver
59139ea769f85daa4076ecead92af2c5,Take-Two Interactive
a217afb990ab103a72778d3d25c871a7,Nintendo
2a5a7a6c4d3fbc2acf80be8fc065e2e8,Square Enix
9397bc3df48d65806cdc4f1c14100c15,Geography of Robots
9397bc3df48d65806cdc4f1c14100c15,Raw Fury
730d6aa02633f2a7bcc748f9d844999f,Capcom
730d6aa02633f2a7bcc748f9d844999f,Capcom Production Studio 4
800b87b81f4390083f78ccbe095fa6b6,Ubisoft Entertainment
800b87b81f4390083f78ccbe095fa6b6,Ubisoft Québec
ab1e0aebf758c98ea452622490ae51b3,Supergiant Games
f163ebda8c65d2454739c398cae28509,Tango Gameworks
f163ebda8c65d2454739c398cae28509,Bethesda Softworks
e82efe7a518377b9f1b823fb53a8d5ee,Level Infinite
e82efe7a518377b9f1b823fb53a8d5ee,The Outsiders
8cc36e71ebcd5584f243f7843ddc299f,343 Industries
8cc36e71ebcd5584f243f7843ddc299f,Xbox Game Studios
a13b49e38c2b368f20af5a88f53b91fe,Game Freak
a13b49e38c2b368f20af5a88f53b91fe,Nintendo
94d4367bcc34c5d3273ef984a4a72699,Naughty Dog
94d4367bcc34c5d3273ef984a4a72699,Sony Interactive Entertainment
705e9c753dff6dae46e90a6b4588effb,Capcom
705e9c753dff6dae46e90a6b4588effb,Capcom Planning Room 2
6abe67352e491f72f3c34a2fa222b188,Rare
6abe67352e491f72f3c34a2fa222b188,Xbox Game Studios
a817ab6c0a01e0e087ada168376a7f11,Monolith Productions
a817ab6c0a01e0e087ada168376a7f11,Vivendi Universal
992bb5ff980fe25b0b8d3206fe0cb266,2K Games
992bb5ff980fe25b0b8d3206fe0cb266,Hangar 13
b2e8b44f5d927419d5b007da72608498,Square Enix
b2e8b44f5d927419d5b007da72608498,Cavia
a999e6c3888ee6bc0b1154a8cb277189,Telltale Games
a999e6c3888ee6bc0b1154a8cb277189,Skybound Games
e83ee56d715cc058f0e85be7a78330e1,Square Enix
e83ee56d715cc058f0e85be7a78330e1,Luminous Productions
f55578d327cc669e50c6af9f8d153953,Remedy Entertainment
f55578d327cc669e50c6af9f8d153953,Rockstar Games
efcbb4a23ebaa4a5a65f58af73b35bcf,Atlus
efcbb4a23ebaa4a5a65f58af73b35bcf,NIS America
e9d62e2165b91e949f0b1133a034d952,David Szymanski
e9d62e2165b91e949f0b1133a034d952,New Blood Interactive
220ae5bc325328f04648bd6bd39d06c4,Bethesda Game Studios
220ae5bc325328f04648bd6bd39d06c4,ZeniMax Media
3e59f3ee432a33fd8ee97061e1a69ab7,Roll7
3e59f3ee432a33fd8ee97061e1a69ab7,Private Division
a4652c65f6930260159723af67e661eb,Square Enix
a4652c65f6930260159723af67e661eb,Square Enix Creative Business Unit III
58880fe9cb4c6ee31642a6bd1cca7bb0,The Pokémon Company
58880fe9cb4c6ee31642a6bd1cca7bb0,Game Freak
01fb698201a8e98c8319f274f1fbaa3d,Konami
2218632d1346d44a90a7aa8417b1ebd3,NetherRealm Studios
2218632d1346d44a90a7aa8417b1ebd3,WB Games
a25f25bbb05ef543fd1bcfeb4b9e23d2,Wiz
a25f25bbb05ef543fd1bcfeb4b9e23d2,"Namco Networks America, Inc."
38332123d85d04624278b15481f3a7a4,Virtuos
38332123d85d04624278b15481f3a7a4,Square Enix
f9126175607894286d2874a281e9e01c,NetherRealm Studios
f9126175607894286d2874a281e9e01c,WB Games
f277cb168f36565de20147120e5dd4c9,Atlus
f277cb168f36565de20147120e5dd4c9,Ghostlight Ltd.
a9c92b15d51eaaa9dfcd43c0a398f698,THQ Wireless
a9c92b15d51eaaa9dfcd43c0a398f698,Aspyr Media
30fff81b97445a26a2a9b04b4fb562f9,Yacht Club Games
30fff81b97445a26a2a9b04b4fb562f9,Nintendo
d6f9f500501f31f5786cee83e6f40f83,Sony Interactive Entertainment
d6f9f500501f31f5786cee83e6f40f83,Sucker Punch Productions
1eff959720bed22e68b540b0d4b93e99,Retro Studios
1eff959720bed22e68b540b0d4b93e99,Nintendo
3f018283298ebe308b00e585b7092d54,Capcom
3f018283298ebe308b00e585b7092d54,Virgin Interactive Entertainment
0fb21390437a0d72b790cf2613212222,Terrible Toybox
0fb21390437a0d72b790cf2613212222,Lucasfilm Games
9ef440042714355f0f05b9d986d4c87d,Square Enix
9ef440042714355f0f05b9d986d4c87d,Eidos Montréal
0ccad9c06a343169dee00937a030ea03,Toys for Bob
0ccad9c06a343169dee00937a030ea03,Activision
d835e1a03ef625fe361012c05923c1df,Greg Lobanov
d835e1a03ef625fe361012c05923c1df,Finji
a392d7d172fb52bcb8482080eacce951,Treasure
a392d7d172fb52bcb8482080eacce951,Nintendo
c30b43e29da8cd78f16fb00a905d5517,Mobius Digital
c30b43e29da8cd78f16fb00a905d5517,Annapurna Interactive
c582549fdce23904a47ae65993c4084e,Nintendo
c582549fdce23904a47ae65993c4084e,Nintendo EAD
60bb4ceed21b77b238e64c23047c3305,MachineGames
60bb4ceed21b77b238e64c23047c3305,Bethesda Softworks
7085dfbbe486b85371c9756d46cd1c27,Nintendo
7085dfbbe486b85371c9756d46cd1c27,Game Freak
6f6348839fc6d66ecb7d140baaafc4b3,Subset Games
62fecc7c95201837f0ee2334816db6d1,Second Dinner
62fecc7c95201837f0ee2334816db6d1,nuverse
1c24c6abfdc7f9d818fe5f08c1e39bc3,Square Enix
1c24c6abfdc7f9d818fe5f08c1e39bc3,PlatinumGames
c233cec6f7018fbfc5032bd090abdf19,Clickteam
c233cec6f7018fbfc5032bd090abdf19,Scottgames
25410d6cfe53f98bb6e2eff2e0920db8,Warner Bros. Interactive Entertainment
25410d6cfe53f98bb6e2eff2e0920db8,NetherRealm Studios
7ca330650b9e3675c159ebadfa0ad2ce,TYPE-MOON
7ca330650b9e3675c159ebadfa0ad2ce,Aniplex
386223f2866dd5acf68be9196db72539,Techland
386223f2866dd5acf68be9196db72539,Techland Publishing
7d6af903adb7ee2d7ce4c3ce8f5be613,Capcom
7d6af903adb7ee2d7ce4c3ce8f5be613,CyberConnect2
178136b219b50add33464614a958e0a9,Bandai Namco Entertainment America
178136b219b50add33464614a958e0a9,Bandai Namco Studios
ee906329818945d56078097cc468eff8,Binary Haze Interactive
ee906329818945d56078097cc468eff8,Live Wire
a886b2957142073e4f1a9e9235a6905f,ASCII Entertainment
a886b2957142073e4f1a9e9235a6905f,Love-de-Lic
db7e32f161dd3a964ba46424de6487f4,Ubisoft Entertainment
db7e32f161dd3a964ba46424de6487f4,Ubisoft Montreal
2a8095464b426bd8681d2ea897aa1d64,Ubisoft Entertainment
2a8095464b426bd8681d2ea897aa1d64,Ubisoft Québec
570952e40a1d2b4fa7c3f9d19e2598fb,Insomniac Games
570952e40a1d2b4fa7c3f9d19e2598fb,Microsoft Studios
44b641c9ae621ff5039ed80480c26c98,Kojima Productions
44b641c9ae621ff5039ed80480c26c98,Konami
e099129f16efeeee968d122e096dfbaf,Shift
e099129f16efeeee968d122e096dfbaf,Bandai Namco Entertainment
2630612c2df84cf321f125f25ca611a3,Next Level Games
2630612c2df84cf321f125f25ca611a3,Nintendo
c728a7e2f7db420fe9131a2a9139256b,Project Moon
0e1cbe9eb27e8c591d87df9d4f31d076,Capcom
40ac1a6ce48bf963003368e6427f2d5f,Activision
40ac1a6ce48bf963003368e6427f2d5f,Vicarious Visions
e0fecc134b2dc44fa2bad4c636c4975f,Criterion Games
e0fecc134b2dc44fa2bad4c636c4975f,Electronic Arts
f1c4c77a506500f12b69c71e72b67707,Aksys Games
f1c4c77a506500f12b69c71e72b67707,Spike ChunSoft
dc79435b714c155b5921942598d3ad03,Square Enix
861c91ef50816300230b011be94939c3,Neversoft Entertainment
861c91ef50816300230b011be94939c3,Activision
bbca4676bffe0c0d87cf46e4da8cf55b,Firaxis Games
bbca4676bffe0c0d87cf46e4da8cf55b,2K Games
dcf23f0b07237259b1576545cca9c089,Koei Tecmo Games
dcf23f0b07237259b1576545cca9c089,Team NINJA
83d61eb2e2989597bbd642b225ae68de,Microsoft Game Studios
83d61eb2e2989597bbd642b225ae68de,Epic Games
cb450a664ab94c635a9ceecdfcb939c7,"Sony Computer Entertainment, Inc. (SCEI)"
cb450a664ab94c635a9ceecdfcb939c7,Square
7341321dbe463d1411c12bc8c333bb28,tobyfox
6ca6d153a2e5fa5e21b8b2427f896777,Namco
6ca6d153a2e5fa5e21b8b2427f896777,Namco Hometek
93f9631fa8cfe7834ec1eea519e798d5,Ubisoft Toronto
93f9631fa8cfe7834ec1eea519e798d5,Ubisoft Entertainment
5b3f2b35d29d59aa8b6c11c1ab947aec,Sony Interactive Entertainment
5b3f2b35d29d59aa8b6c11c1ab947aec,Guerrilla Games
8935be4f5fd553239bc32c75566eb720,Sega
8935be4f5fd553239bc32c75566eb720,Atlus
c6423a258be0800d408651a3f28bd0e8,Kojima Productions
4c26203e8d15f004a8c279eb2d040533,Monolith Soft
4c26203e8d15f004a8c279eb2d040533,Namco
cdcb7892a6b1b575bbc00c8f8811030c,Surefire.Games
cdcb7892a6b1b575bbc00c8f8811030c,Chris Nordgren
f1202bff33e66560c6cd329f418560e1,Klei Entertainment
9085d637e4f56c09946b70a3f38de409,Ubisoft Entertainment
9085d637e4f56c09946b70a3f38de409,Ubisoft San Francisco
ed7c4edd3c9129da8f2fa7d9ec0e8a0f,Sony Computer Entertainment
ed7c4edd3c9129da8f2fa7d9ec0e8a0f,Red Kite Games
2701ff6d1f1586d797338ffd1231201a,Nintendo
2701ff6d1f1586d797338ffd1231201a,Game Freak
61d9746644cde2f269d194db85e53137,Nintendo
61d9746644cde2f269d194db85e53137,"Intelligent Systems Co., Ltd."
1b9c90e2a2417564ccfaad754a756911,Project Moon
1b6abd3bbc82e3ed0b0f4318f952709f,Naughty Dog
1b6abd3bbc82e3ed0b0f4318f952709f,"Sony Computer Entertainment, Inc. (SCEI)"
07e5c53b8dca3a0c802e194dffd3ecb3,Sega
07e5c53b8dca3a0c802e194dffd3ecb3,Atlus
f1242ae31ff9b8967b46b5c08f5cdb14,Supergiant Games
86aa40a115d14a23568fb597b84aac30,Hi-Rez Studios
ba220a9edd2f3e3037c4013e68e4e5a2,Visceral Games
ba220a9edd2f3e3037c4013e68e4e5a2,Electronic Arts
be51ab5424eae1fd7d599fd1c898e1b3,Capcom
be51ab5424eae1fd7d599fd1c898e1b3,Capcom Production Studio 4
d5f29cb0860179bea081094e06eed88f,PlatinumGames
d5f29cb0860179bea081094e06eed88f,Nintendo
2474b6661975d2e5c0932adaf83f6051,FromSoftware
2474b6661975d2e5c0932adaf83f6051,Agetec
72d1aa787569ac2ad390635207fe92ce,Arc System Works
72d1aa787569ac2ad390635207fe92ce,Atlus
5f704187154b6fb819c925d03a3ccf92,Soleil
5f704187154b6fb819c925d03a3ccf92,110 Industries
d17677a21df65657126e7508fa20f908,Nintendo
d17677a21df65657126e7508fa20f908,Next Level Games
6058af53607a84e7400ca962e9b01268,Annapurna Interactive
6058af53607a84e7400ca962e9b01268,Jason Roberts
263c390beba1e585c313f37cc3702bf7,Square Enix
263c390beba1e585c313f37cc3702bf7,Soleil
3abfb8b8da99023d849212a88bd0e193,Konami
5b6c151c0c9bf6e9c2d5b11b1caa3f1b,Access Games
5b6c151c0c9bf6e9c2d5b11b1caa3f1b,Ignition Entertainment
87d13066e596ddeb8ca932338e6cfc6d,Feral Interactive
87d13066e596ddeb8ca932338e6cfc6d,Traveller's Tales
e69d479860591db2ecb3f216a5bb4b63,A Grumpy Fox
e69d479860591db2ecb3f216a5bb4b63,Deck13 Interactive
a96671e24634b470665d186a35d37540,Sega
a96671e24634b470665d186a35d37540,Dimps
6249067f40e05012c45e8d99a6abed58,SNK
6249067f40e05012c45e8d99a6abed58,Nazca Corporation
6bfac5a0613a9785df0c455ff75f2f01,Avalanche Studios
6bfac5a0613a9785df0c455ff75f2f01,Square Enix
05116acdae49178571aa48d9f14b24f3,Konami
7f3a66f8e8f2a7fef7fd3d3097adaf32,Media Molecule
7f3a66f8e8f2a7fef7fd3d3097adaf32,Sony Computer Entertainment
d6c9275a2b42933cca8ecd9f18297fde,Nintendo
d6c9275a2b42933cca8ecd9f18297fde,Ape
b6dc611ec9bfa6071f2abde1a1a546eb,Nintendo R&D1
b6dc611ec9bfa6071f2abde1a1a546eb,Nintendo
89eb5ec9dad1829e767aff5173eb1968,New Blood Interactive
89eb5ec9dad1829e767aff5173eb1968,Airdorf Games
85c76430ce3c2a983762e794755db71c,Namco
85c76430ce3c2a983762e794755db71c,Namco Tales Studio
2924c221c2fdceced8068f66d107911b,Square Enix
2924c221c2fdceced8068f66d107911b,Square
97e7a705b53a232d48c3bf17c13893af,Bandai Namco Entertainment
97e7a705b53a232d48c3bf17c13893af,Supermassive Games
11e0b4c02fd6de839ae36e03cc9c1246,JAST USA
11e0b4c02fd6de839ae36e03cc9c1246,Nitroplus
dee24f1ca95f84fd148435fa7e50bc94,WayForward Technologies
dee24f1ca95f84fd148435fa7e50bc94,WayForward
fd9151b59418cfd624cee54417cdf311,Sega
eaf8ffa64f47620b62f732429bd0ce3e,Eighting
cab5db95f8749e11d682582c4c3d886a,Nintendo
cab5db95f8749e11d682582c4c3d886a,Nintendo EAD
a2caec68253ca58b0104f35e98959559,Frontwing
a2caec68253ca58b0104f35e98959559,Makura
17ed9ce494907f6bcf3decc89870c0dc,Nintendo
17ed9ce494907f6bcf3decc89870c0dc,Intelligent Systems
a357f0e348a4f332e2cbd787ee43a9ed,Rare
a357f0e348a4f332e2cbd787ee43a9ed,THQ
353d93c3f18c3f20fb9b9e4ed6a61539,Nintendo
353d93c3f18c3f20fb9b9e4ed6a61539,Nintendo SPD Group No. 2
dcd09b84294ef37965ae7eae86897a4b,Electronic Arts
dcd09b84294ef37965ae7eae86897a4b,Ghost Games
dfa9e7b199ecbc696c0dd289f9bf3f66,EA Black Box
dfa9e7b199ecbc696c0dd289f9bf3f66,Electronic Arts
9d515e402ab5c03196db88c21fadf3a8,Number None Inc.
9d515e402ab5c03196db88c21fadf3a8,Microsoft Game Studios
4b0f6a1b0df3f6658ebaa0326ca1e7a0,4A Games
4b0f6a1b0df3f6658ebaa0326ca1e7a0,THQ
5a787a807dc6261ef346ad7ce08bd6f2,3D: Doom Daddy Digital
2c5334b4c622bbc39a71b523419847e3,Nintendo
ab4cad62ffcc256d4aaf73c4b23f9c2b,Cardboard Computer
50cebd6d09f508b430e400543e5f63a3,Nintendo
50cebd6d09f508b430e400543e5f63a3,Nintendo EPD
603644ab1a6c07cf99c1da347f8a38df,NOW Production
603644ab1a6c07cf99c1da347f8a38df,Namco
06116dbfd82378ea7a713fb49644bcb3,Pionner LDC
93fa332ff309ab1929064d47bc806c6c,Nintendo
93fa332ff309ab1929064d47bc806c6c,HAL Laboratory
6c7661f7599455088e273c0bce7ebd1b,Square Enix
b469338afc9cc810e5049838cf9a3e1f,Arkane Studios
b469338afc9cc810e5049838cf9a3e1f,Bethesda Softworks
9b3e1621267035a5291428427865b521,DON'T NOD
9b3e1621267035a5291428427865b521,Square Enix
5e7d21801e4a76106e3638fcb06d9851,Microsoft Game Studios
5e7d21801e4a76106e3638fcb06d9851,Rare
264b4df0219074ffa4e1316d04a2130f,Nintendo
264b4df0219074ffa4e1316d04a2130f,Capcom
83aa981884eb0820b9abbafce405a9dd,Project Moon
28967e5b64bd74fb5f00eda5a056d5d7,Volition
28967e5b64bd74fb5f00eda5a056d5d7,THQ
93cb2d76f0eb6689c61f2f077ab2a06e,Square Enix
35435e5591fab53533fb36a6f091faa0,Konami
8ec6a63c87bd67fc3dc3f4c43f338630,2K Games
8ec6a63c87bd67fc3dc3f4c43f338630,Gearbox Software
48b9dedf4f97d17fb5a1d8f1e050b4bb,Aquaplus
48b9dedf4f97d17fb5a1d8f1e050b4bb,Atlus USA
405d626932a3694237a50a171622e4c6,Inlusio Interactive
405d626932a3694237a50a171622e4c6,IO Interactive
9c6916f965c9d9706df24997d8ec0ccb,Avalanche Studios
9c6916f965c9d9706df24997d8ec0ccb,Eidos Interactive
88be0cf4d970e85f98c1d474a7b0876f,NEOWIZ
88be0cf4d970e85f98c1d474a7b0876f,Round8 Studio
3ca30d405d7577c57c62613859da87fb,Square Enix
88453480348ef30a922a4778f36df2d2,Smilebit
88453480348ef30a922a4778f36df2d2,Sega
22dc952e0e932291f5a18ca6f7644f7c,Ghost Town Games
22dc952e0e932291f5a18ca6f7644f7c,Team17
731907a560022f1f7952e50088902d12,Atlus USA
731907a560022f1f7952e50088902d12,Atlus
ca2184f0c5a01403c0a5b6868a01d0e5,X.D. Network Inc.
ca2184f0c5a01403c0a5b6868a01d0e5,PeroPeroGames
2b6f8d9869ce88395f1b0e816756aeba,"Intelligent Systems Co., Ltd."
2b6f8d9869ce88395f1b0e816756aeba,Nintendo
2f2b9e6136a7cb16a4b7d34d67453bd3,Ghost Story Games
9183ec511aa1ae3c204ea0eb544bfdad,Gearbox Software
9183ec511aa1ae3c204ea0eb544bfdad,Sierra Entertainment
94449ed4fad13947bf8c40bf79d8dec2,LW Media
54b41041cadfedcefa8edddb9b202907,Activision
54b41041cadfedcefa8edddb9b202907,Radical Entertainment
c93dc619329b0ff5fd47d46f7ca4486e,Nintendo
c93dc619329b0ff5fd47d46f7ca4486e,Game Freak
cbf4ab3e9881dfb561fc7f2733dcbd67,Iron Gate AB
cbf4ab3e9881dfb561fc7f2733dcbd67,Coffee Stain Publishing
4267199b656f2c48ac6c28d04f167637,Nankidai
4267199b656f2c48ac6c28d04f167637,0UP Games
0dba89883edbf282db505783137da1b1,Inti Creates
dd9890c1e0f8120c7fcf2fb4414bacfa,Playstack
dd9890c1e0f8120c7fcf2fb4414bacfa,Cold Symmetry
8f79bc52232911569d906846fa41631a,Deep Silver
8f79bc52232911569d906846fa41631a,Warhorse Studios
619ef2396acdb6eb82fd65aedcb387f7,Square
88ccc2f9a8a56061e6cc6a95d9ee5a40,Square Enix
88ccc2f9a8a56061e6cc6a95d9ee5a40,United Front Games
8589a0d5aee08a705b69cef578055374,Capcom Production Studio 4
8589a0d5aee08a705b69cef578055374,Capcom
1d32e43a4d4c8b4027cd785eb5a9d714,Light Brick Studio
1d32e43a4d4c8b4027cd785eb5a9d714,The LEGO Group
633b8637d974e4f40006e27ef06ca9d8,Arc System Works
633b8637d974e4f40006e27ef06ca9d8,Aksys Games
64508d97a56aabfb6cce82f5fb9a1659,Siactro
be8c7356afcc0b313e51f709033c0851,Sucker Punch Productions
be8c7356afcc0b313e51f709033c0851,"Sony Computer Entertainment, Inc. (SCEI)"
e72448e2d50b595f468736833a341294,Bethesda Game Studios
e72448e2d50b595f468736833a341294,Bethesda Softworks
4a58c8b384a6c684b8ac2813010412d9,Half Asleep
3a4ffc046d8484b42c43f21bfad25216,Iggymob
3a4ffc046d8484b42c43f21bfad25216,Red Entertainment
3dc28dc38c2e3b5b6e7fd1c05cdb06db,Ryū Ga Gotoku Studios
3dc28dc38c2e3b5b6e7fd1c05cdb06db,Sega
a3e8121d32b65a5a41b41d346d48f30b,Euphoric Brothers
c8d3a6e534f696be9c891447d50a577b,IO Interactive
c8d3a6e534f696be9c891447d50a577b,Eidos Interactive
010890a01faaf7032698cda6e492ee62,Level-5
010890a01faaf7032698cda6e492ee62,Nintendo of America
ad7a231bdbb1385fffc0f8487de3f5cb,Supermassive Games
ad7a231bdbb1385fffc0f8487de3f5cb,Bandai Namco Entertainment
41286e04de5afaf0fc2dd352453dfbc8,Nintendo
41286e04de5afaf0fc2dd352453dfbc8,Retro Studios
bf59ebfc9cf05ec32860255b2dab8745,"Intelligent Systems Co., Ltd."
bf59ebfc9cf05ec32860255b2dab8745,Nintendo
988f5ff9d2f5568cb167e5486b23c7a0,Digital Sun Games
988f5ff9d2f5568cb167e5486b23c7a0,11 bit studios
d829583a6ad77b6f639f0875854d67e7,Nintendo EAD Software Development Group No.4
d829583a6ad77b6f639f0875854d67e7,Nintendo
4c79401e93e448801a07f35d92bd61b2,Scottgames
4c79401e93e448801a07f35d92bd61b2,Clickteam
30ef02efd8d6b53627aa657f7a680fe9,5pb.
e800affc5063509434a7c6422f058205,Square Enix
e800affc5063509434a7c6422f058205,PlatinumGames
5fcb18dcda9c38f8e8522e37209f96ba,Capcom
9a594d54dc99ab8ade27f52a86f937b4,Crytek Frankfurt
9a594d54dc99ab8ade27f52a86f937b4,Electronic Arts
df98572aa31c628ad199cb26e189f879,Bethesda Game Studios
df98572aa31c628ad199cb26e189f879,Bethesda Softworks
98e1cdb1a78726557b21d6b4e27fa7ab,Sega
98e1cdb1a78726557b21d6b4e27fa7ab,Sonic Team
a0506c0476c972952e7300f71d14c8af,Subset Games
58fa53049aca4b409ecbc7762f55d27e,Hudson Soft
58fa53049aca4b409ecbc7762f55d27e,Nintendo
06f4f3ca75356e78d8a86fc5e1aa2fd3,Level-5
06f4f3ca75356e78d8a86fc5e1aa2fd3,Millennium Kitchen
3dc9ff4086ceffe1a17453ead5ba6530,Nintendo
3dc9ff4086ceffe1a17453ead5ba6530,Nintendo EAD
bfa3b3e84d48619cc339bd8bc95350cf,"Intelligent Systems Co., Ltd."
bfa3b3e84d48619cc339bd8bc95350cf,Nintendo
833e5c64ad25de7beb861e439e01dae1,Inti Creates
e248622308cc41c7ca42c356bd65b597,Square Enix
6f8634db819fc11400390eaf673a453f,Miniclip.com
6f8634db819fc11400390eaf673a453f,Matheus Valadares
7058129f6cbe394ea286b7a739048da8,"Tecmo Co., Ltd."
7058129f6cbe394ea286b7a739048da8,Ubisoft Entertainment
8e5cec2f657d57a1aed8b6f5ab1a1600,Blizzard Entertainment
f365aba4fe9e584cf0408d783fca60a5,NIS America
f365aba4fe9e584cf0408d783fca60a5,Nihon Falcom
2facb6453bcafa920157b644e05e9e10,Boneloaf
2facb6453bcafa920157b644e05e9e10,Double Fine Productions
d0752794722236faf0664fc85fca630d,Agetec
d0752794722236faf0664fc85fca630d,FromSoftware
70fc3ae6d76f96f9e628d5185ddd2ce9,LucasArts
4a63af8fa69bd951ec486cf7990174ee,Epic Games
c2311bdeb6161496ad516521037f3e96,Devolver Digital
c2311bdeb6161496ad516521037f3e96,Mediatonic
80f78fb374862aff84fac4c65d1d34e2,Hazelight Studios
80f78fb374862aff84fac4c65d1d34e2,Electronic Arts
47a40f3a1c1b9f3fcd1e4c7e3e985fed,2K Games
47a40f3a1c1b9f3fcd1e4c7e3e985fed,2K Boston
c4152ccc10b858e1c8e45af9762984b9,Microsoft
c4152ccc10b858e1c8e45af9762984b9,Konami Computer Entertainment Japan
4f2318a427ba2a81588047b1e621cffc,Sega
4f2318a427ba2a81588047b1e621cffc,Ryū Ga Gotoku Studios
b61ca93db6b355543469f80b2a65619a,Nintendo EPD
b61ca93db6b355543469f80b2a65619a,Nintendo
e5968ed21560ceb66995f1eb0a892fa8,Irrational Games
e5968ed21560ceb66995f1eb0a892fa8,2K Games
e84927c8eed934b8ec2ca1795a2c43b3,Electronic Arts
e84927c8eed934b8ec2ca1795a2c43b3,EA Digital Illusions CE
94678f84bc3243c545711b0eb5f9e5c6,PlatinumGames
94678f84bc3243c545711b0eb5f9e5c6,Nintendo
941c189c0a972729d5ac87f91b2d5914,Sonic Team
941c189c0a972729d5ac87f91b2d5914,Sega
e76d4c92d1085668824b17733a1cd14c,Atlus
e76d4c92d1085668824b17733a1cd14c,Ghostlight Ltd.
f27491a56b55d6d3c8078d1852777ee0,Devolver Digital
f27491a56b55d6d3c8078d1852777ee0,Acid Nerve
dff6627516208990a8a92f667d2241fe,Capcom
dff6627516208990a8a92f667d2241fe,Capcom Production Studio 1
cf9965ccccfbe3af3e89463f44547a0f,Ubisoft Montreal
cf9965ccccfbe3af3e89463f44547a0f,Ubisoft Entertainment
8ca5a87025580b895982ad98ab2bc512,Square Enix
f499971dd5161f3bff7357f944ffc0f6,Nintendo
f499971dd5161f3bff7357f944ffc0f6,Retro Studios
84b223a7beffec1ff333e9a48e5805f0,Sonic Team
84b223a7beffec1ff333e9a48e5805f0,Sega
f68f078b2b3a5cf8731dbaa96aa1020b,Kojima Productions
f68f078b2b3a5cf8731dbaa96aa1020b,Konami
8ea7ab36e689f21a42c177fab2df072d,Mundfish
8ea7ab36e689f21a42c177fab2df072d,Focus Entertainment
4d8e315f294e430eea0854344c0d8d4c,Mojang Studios
1ef14998303f450876a90722b7057c47,Capcom
10ce18930417135e7380a6335889fd74,Square Enix
10ce18930417135e7380a6335889fd74,Ubisoft Entertainment
dcbc357639e5dc872cf2619f469c6996,Humble Bundle
dcbc357639e5dc872cf2619f469c6996,Gears for Breakfast
0fe1df38759a81c250cb22ad5d7f40d1,Ebb Software
0fe1df38759a81c250cb22ad5d7f40d1,Kepler Interactive
7a77d22fe6ab710e4a93161e21832dc6,"Intelligent Systems Co., Ltd."
7a77d22fe6ab710e4a93161e21832dc6,Nintendo
242bff07c2d3a848ec29dfb105698fe6,Studio MDHR
45165e9444732ef40a4972864d7d3b0a,Moon Studios
45165e9444732ef40a4972864d7d3b0a,Xbox Game Studios
e7926964313ad273b4c292c0f3bc779d,BioWare
e7926964313ad273b4c292c0f3bc779d,Microsoft Game Studios
ea69690cdd7ce28296f2c6a4f2158a50,3909
ea69690cdd7ce28296f2c6a4f2158a50,Lucas Pope
d203137ea29bd99821e95cc6294b2ac9,Square Enix
d203137ea29bd99821e95cc6294b2ac9,Disney Interactive Studios
678723c48be93cca38ffd68ed3fdcde8,ZeniMax Media
678723c48be93cca38ffd68ed3fdcde8,Bethesda Game Studios
cbdd1e4fead6cd632d73bf8b25cf5883,Naughty Dog
cbdd1e4fead6cd632d73bf8b25cf5883,"Sony Computer Entertainment, Inc. (SCEI)"
132aab51e9dd5d8587ccc4db4b4ede97,Chunsoft
132aab51e9dd5d8587ccc4db4b4ede97,Spike
24af29c68ca7603870b1edc51cf29ad4,Ryū Ga Gotoku Studios
24af29c68ca7603870b1edc51cf29ad4,Sega
105b035f54302574bdd51625c047ce1a,Nintendo EAD
105b035f54302574bdd51625c047ce1a,Nintendo
d9209638e3042bfd0f03e021c7580929,Nomada Studio
d9209638e3042bfd0f03e021c7580929,Devolver Digital
8bf2fc06e982c6695f36bfb32749bc14,Konami
8bf2fc06e982c6695f36bfb32749bc14,Team Silent
eec9f2cd134e32ca810b1b9f605e0581,Infinity Ward
eec9f2cd134e32ca810b1b9f605e0581,Activision
7d137f21dbb29050540bf7fc58f88fd7,Telltale Games
7d137f21dbb29050540bf7fc58f88fd7,Sony Computer Entertainment
1577349012618a74afb2c086782da65f,Nintendo EAD Group No. 1
60db3fbc0e3559a69c66847f0225f462,Respawn Entertainment
60db3fbc0e3559a69c66847f0225f462,Electronic Arts
0302507633c6de19b049d889d6b23e65,Capcom
0302507633c6de19b049d889d6b23e65,Capcom Production Studio 1
941bb902e57b9dc7645c0ea50d6522d5,Grezzo
941bb902e57b9dc7645c0ea50d6522d5,Nintendo
df43389eba0025b0f04bd3fe26b047d6,Annapurna Interactive
df43389eba0025b0f04bd3fe26b047d6,Luis Antonio
a4687f8d88215f99e5f52b23c0b4eb59,FromSoftware
a4687f8d88215f99e5f52b23c0b4eb59,Atlus
20a11bdd7736a31ccbde7756c2742b83,Atlus
20a11bdd7736a31ccbde7756c2742b83,Atlus USA
33cf9bded558d1b3091befce51925616,Ubisoft Montpellier
33cf9bded558d1b3091befce51925616,Ubisoft Entertainment
917e3fe6fc3e52c70037116f0748ab4f,Naughty Dog
917e3fe6fc3e52c70037116f0748ab4f,Sony Computer Entertainment
fffa92b493b6f7f3b37d4cba6849f0fc,Capcom
2fe9c7733f5d3b15c8daed93c54a8d91,Nikita Kryukov
2fe9c7733f5d3b15c8daed93c54a8d91,Nikita Kaf Publishing
a86a00506e4b98bc6c162dc8f901425f,Nintendo
a86a00506e4b98bc6c162dc8f901425f,Nintendo EAD Software Development Group No.3
d2aaf0e9bea3a8fc90a86c6ac4b1536b,Square Enix
78d4999d14dfc89d79a4e3de32c6d503,Nintendo
78d4999d14dfc89d79a4e3de32c6d503,Capcom Production Studio 1
d03be610623571a0351c22ea8aa14494,The Pokémon Company
d03be610623571a0351c22ea8aa14494,Niantic Labs
e907cee645f3d1fa22b2c02233037f4e,Finji
e907cee645f3d1fa22b2c02233037f4e,Infinite Fall
b1931cbdc0a4efa9764aa9ee3084cde7,Atlus
b1931cbdc0a4efa9764aa9ee3084cde7,Nintendo
6a4cee6a6f7a87a0056e2c377b56a8a0,Buena Vista Games
6a4cee6a6f7a87a0056e2c377b56a8a0,Square Enix
ffef6d8489d7752db865c439bc477bfd,Konami Computer Entertainment Tokyo
ffef6d8489d7752db865c439bc477bfd,Konami
f53b717919aab821fbae88cc5ced2a99,Bungie
f53b717919aab821fbae88cc5ced2a99,Microsoft Game Studios
476e1b11333255d6f7397d0e2ded0812,Rockstar Games
476e1b11333255d6f7397d0e2ded0812,Rockstar North
cb6e062bce97c3feb05ad0580e6f1c96,adamgryu
cb6e062bce97c3feb05ad0580e6f1c96,Whippoorwill
ce0cc392375741e0c2c525a2db8deb4a,Nintendo
ce0cc392375741e0c2c525a2db8deb4a,Nintendo EPD Production Group No. 3
69732c58ad089d732f24b915fc57a568,Ubisoft Entertainment
69732c58ad089d732f24b915fc57a568,Ubisoft Montreal
af050d47087a651a93c7b257308b751e,Nintendo
af050d47087a651a93c7b257308b751e,Konami
fb90b8138df2b4b51c603c8cd227e101,Nikita Kryukov
e8732a576177d21d0d3792615250884a,Dingaling
d362b6e460da79e9baec8e316ba004ec,Sony Computer Entertainment
d362b6e460da79e9baec8e316ba004ec,Naughty Dog
79016fd40de6347bf3b0c36497e227b5,Nintendo
79016fd40de6347bf3b0c36497e227b5,Nintendo EAD Software Development Group No.3
a404d1e0e5ce1e1223299648096cd621,Obsidian Entertainment
a404d1e0e5ce1e1223299648096cd621,Private Division
f3206c2583c801cd6e7243f58f6f5cd8,Nintendo
f3206c2583c801cd6e7243f58f6f5cd8,Nintendo EAD Tokyo
d2e8dd46699d212cdaef8f3e59de7fbe,Krafton
d2e8dd46699d212cdaef8f3e59de7fbe,Striking Distance Studios
e474bc3d6ff4b2a63a84a967928dc3aa,Telltale Games
b4e12e6fd7c55c16d5c59abc6ef40ccf,Electronic Arts
b4e12e6fd7c55c16d5c59abc6ef40ccf,Visceral Games
fce7de130eca49c5f7819879d0d9fea6,Nintendo
fce7de130eca49c5f7819879d0d9fea6,Nintendo EAD
41533f45a7d2b113392cb7b0b4c8545f,Supermassive Games
41533f45a7d2b113392cb7b0b4c8545f,Sony Computer Entertainment
64c24f0fef97285ea225522f523a4772,Nintendo
64c24f0fef97285ea225522f523a4772,Project Sora
20d971faf20b90f338b8f57686555f0b,Deck13 Spotlight
20d971faf20b90f338b8f57686555f0b,Ark Heiral
2c5cae4bac333d4370261d53bb01f401,2K Games
2c5cae4bac333d4370261d53bb01f401,2K Australia
23abf1cfe56739f0bbfd83a496d94b6a,Sega
23abf1cfe56739f0bbfd83a496d94b6a,Sonic Team
1ac78f7ed24bc9fbaab635b020c520c0,Ryū Ga Gotoku Studios
1ac78f7ed24bc9fbaab635b020c520c0,Sega
63f48e1ac8fa5389fac30c59fd08f249,Konami Computer Entertainment Japan
63f48e1ac8fa5389fac30c59fd08f249,Konami
ea327c24493149df151237fd07e5c10a,Nintendo EAD
ea327c24493149df151237fd07e5c10a,Nintendo
ec29613280971733b338d19993a392be,Capcom
ec29613280971733b338d19993a392be,Capcom Production Studio 1
f14487609cd4af2d9868572a711260f8,Annapurna Interactive
f14487609cd4af2d9868572a711260f8,Ben Esposito
8a31c7907317bc89b007dbf06b387f03,Ubisoft Montreal
8a31c7907317bc89b007dbf06b387f03,Ubisoft Entertainment
6ad712a7f5aeeec0402b76a89ce9f943,Bethesda Softworks
6ad712a7f5aeeec0402b76a89ce9f943,Tango Gameworks
5fb4dfe726902b039d20b7d096083e2e,SEGA of Japan
5fb4dfe726902b039d20b7d096083e2e,Ryū Ga Gotoku Studios
6a26cb8f744e6828face085dedc2e8f9,Infinity Ward
6a26cb8f744e6828face085dedc2e8f9,Activision
a1002f3c9de8617e805970eb1637397b,Toys for Bob
a1002f3c9de8617e805970eb1637397b,Activision
a7ad15ee6f403d55be9d4248b53fa762,DMA Design
a7ad15ee6f403d55be9d4248b53fa762,Rockstar Games
5bbe55ffd991ac46129d385db946d5ac,Starbreeze publishing AB
5bbe55ffd991ac46129d385db946d5ac,Behaviour Interactive
b7725c978877af48bde50ee8b60d4a55,505 Games
b7725c978877af48bde50ee8b60d4a55,Giant Squid
ae254aad2ac80c42607820d974b0ac83,WB Games
ae254aad2ac80c42607820d974b0ac83,WB Games Montréal
ca19d3485ed30cc5abd050f508d707df,Nintendo
ca19d3485ed30cc5abd050f508d707df,Nintendo EPD
bf3dce138de01ccdbd5a5a0b05556904,The Pokémon Company
bf3dce138de01ccdbd5a5a0b05556904,Game Freak
4eab5d1bb00d7b97ca242c99788d5295,Ember Lab
ccf800121aa666ff94d5f0fcea9310bc,Square
ccf800121aa666ff94d5f0fcea9310bc,Square Enix
a39833d6710a91365c11e1a5f910b7e8,Bethesda Game Studios
a39833d6710a91365c11e1a5f910b7e8,2K Games
16a6b0e43b634b7c22543b5a8f23ad3b,NIS America
16a6b0e43b634b7c22543b5a8f23ad3b,Grasshopper Manufacture
7960d23e647c0dd9028a0261aa8069c5,Insomniac Games
7960d23e647c0dd9028a0261aa8069c5,Sony Interactive Entertainment
4eb85d7f19631725d80953457c14d600,Microsoft Game Studios
4eb85d7f19631725d80953457c14d600,Remedy Entertainment
d3c82f8be72ef31a916048d8e57d27ae,Electronic Arts
d3c82f8be72ef31a916048d8e57d27ae,Hazelight Studios
18811cae885c88900790bf12ec401b7b,WB Games
18811cae885c88900790bf12ec401b7b,Traveller's Tales
0104209c871ef3bc718bfc46d78b3acc,2K Games
0104209c871ef3bc718bfc46d78b3acc,Gearbox Software
9b7484d13068c6748dcd72695d49225c,Arc System Works
9b7484d13068c6748dcd72695d49225c,Bandai Namco Entertainment
a8fc866787d0e3ac1ac9ba70f555db22,Team Ico
a8fc866787d0e3ac1ac9ba70f555db22,"Sony Computer Entertainment, Inc. (SCEI)"
f065b8e75ea03cc7be1431c5e26d445f,Ghostlight Ltd.
f065b8e75ea03cc7be1431c5e26d445f,Atlus
261d618487a90cb9cd64a5f9500f1e5e,"Thekla, Inc"
b09755cb800c3e2cfd088811d67bba92,Nintendo
b09755cb800c3e2cfd088811d67bba92,Nintendo EAD Group No. 2
4ce9bb6ceac0ac8793b7b8547203a147,Koei Tecmo Games
4ce9bb6ceac0ac8793b7b8547203a147,Team NINJA
d2e51551d4cb87b534737eb61342cdab,Square Enix
ab8790a60218091ddc795ff43276c8b0,Sega
ab8790a60218091ddc795ff43276c8b0,Sonic Team USA
0c04a20c2cd7ceca858ee5156c985d32,Activision
0c04a20c2cd7ceca858ee5156c985d32,Bungie
26e1afe8e1abca07ff13e84aab8c85bf,HAL Laboratory
26e1afe8e1abca07ff13e84aab8c85bf,Nintendo
e4db1e0513352b3fc3230691d27826b5,Nintendo
e4db1e0513352b3fc3230691d27826b5,Nintendo EAD Group No. 1
61c4062c9ef7106228fa4068990de76e,Nintendo
61c4062c9ef7106228fa4068990de76e,Monolith Soft
64e59e2ac12ddd1f73a893b6a6186524,Modern Storyteller
64e59e2ac12ddd1f73a893b6a6186524,Dear Villagers
9013afa87404edde36992a4ee408f12a,House House
9013afa87404edde36992a4ee408f12a,Panic
d85f1209b37a2a07c16422bc99ce30fe,Sonic Team
d85f1209b37a2a07c16422bc99ce30fe,Sega
6a066fdcf5fadcd2490dee5972ac01fb,Volition
6a066fdcf5fadcd2490dee5972ac01fb,THQ
9c9e807067d5c6e0df13a41198460988,Activision
9c9e807067d5c6e0df13a41198460988,Treyarch
e382a2b46d5dfd90b624c0cb235bf8da,Nintendo
e382a2b46d5dfd90b624c0cb235bf8da,Game Freak
e3d45e5294693d8652cc18e2a217167c,Splashteam
e3d45e5294693d8652cc18e2a217167c,tinyBuild
a6b12d829f50e1c177f663d3e496cc9b,Capcom
e24b8405be82c720f5ded2e56367000c,Ubisoft
e24b8405be82c720f5ded2e56367000c,Blue Mammoth Games
542dcb19ffd7533c32ae9d8deee8c05d,Timi
542dcb19ffd7533c32ae9d8deee8c05d,The Pokémon Company
c611f1bc787a9bf58fb13af4cf5a5da9,Crowbar Collective
86d090748fb7606410972c8aaeb01243,Sabotage
86d090748fb7606410972c8aaeb01243,Devolver Digital
07c336ee7da87cff6f0dd2ff386dcf1e,BlitWorks
07c336ee7da87cff6f0dd2ff386dcf1e,Sega
c5a36ed62d8532669c502601ff6ddea2,Ice-Pick Lodge
c5a36ed62d8532669c502601ff6ddea2,tinyBuild
83d50b73d4d3e06998c7e773d7136a1f,Square Enix
dd3c439742b18e55ccadb7e1adac5ba1,Heart Machine
5da13439a6c66677f12ecde64eb6c5b3,Certain Affinity
5da13439a6c66677f12ecde64eb6c5b3,Valve
1099ed0dc93fbdb15b58c23e0a14b670,NIS America
1099ed0dc93fbdb15b58c23e0a14b670,Grasshopper Manufacture
79a3790285a683438b83056287cb2f1a,Red Hook Studios
64c1545c457f60d0b9fee3ebd68810ff,Roblox Corporation
248b70f56c5d3c960ef3337e9ee6b1bb,Team Ico
248b70f56c5d3c960ef3337e9ee6b1bb,Sony Interactive Entertainment
a419418cca76e51f851a26959e57b7f4,Access Games
a419418cca76e51f851a26959e57b7f4,Square Enix
00edb09d600fea37ce0e86083fa13f83,Valve
00edb09d600fea37ce0e86083fa13f83,CyberFront
433e8d3aefeb89d51fd3e76500e0f419,Ubisoft Montreal
433e8d3aefeb89d51fd3e76500e0f419,Ubisoft Entertainment
629eb0a2101c67c66ae3fd154f25a355,CyberFront
629eb0a2101c67c66ae3fd154f25a355,Valve
45215e595d05155380b12e7da8c32880,Capcom
8fd8b1e70dfc6cdc4fa13d74be4a2cdd,Square Enix
8fd8b1e70dfc6cdc4fa13d74be4a2cdd,FuturLab
932cc0249889995758b2c18790e857fa,Studio Pixel
5a488edf65c7293a4127745635f42881,Square Enix
8bb781f0f8c3e5a4bc9a5f82b6f72d44,SIE Bend Studio
8bb781f0f8c3e5a4bc9a5f82b6f72d44,Sony Interactive Entertainment
09d1d42fb2a87752896d651b1172f767,Ubisoft Entertainment
09d1d42fb2a87752896d651b1172f767,Ubisoft Montreal
9852c95455e21465b51a4751ed7fc4d7,Devolver Digital
9852c95455e21465b51a4751ed7fc4d7,Leonard Menchiari
dbaa44958e8818b5412185e77e8e9d8c,Sonic Team
dbaa44958e8818b5412185e77e8e9d8c,Sega
b55f94083ca423bcac124d2827a50c8e,Nintendo EAD
b55f94083ca423bcac124d2827a50c8e,Nintendo
e1a49428c170ecfeb18dd6b819080fd8,Ubisoft Montpellier
e1a49428c170ecfeb18dd6b819080fd8,Ubisoft Entertainment
ccf456ed8c8b40cfc98d3929ce130a06,MONKEYCRAFT Co. Ltd
ccf456ed8c8b40cfc98d3929ce130a06,Bandai Namco Entertainment
1ecbd04499777fc5f9e7c07a71a49f04,WB Games
1ecbd04499777fc5f9e7c07a71a49f04,IO Interactive
dae7bf07f1c61db99db4df5db28ec7dd,Rockstar Games
dae7bf07f1c61db99db4df5db28ec7dd,Rockstar Vancouver
6d09d815f0d1d7329e5dbe196505bf95,Atlus
6d09d815f0d1d7329e5dbe196505bf95,Studio Zero
6152941a55d9aaffd81d780394de8cc7,HAL Laboratory
6152941a55d9aaffd81d780394de8cc7,Nintendo
da20bbce3f482cb523f76692d0eae1e3,EA Digital Illusions CE
da20bbce3f482cb523f76692d0eae1e3,Electronic Arts
ca383bff7ddfd7fcbebfea4912594fba,Nintendo
a96440b5ba7ed51533ca55b4194ef93a,Atlus
ef3c8aa3f71b9e197686ca48765b8823,EA Digital Illusions CE
ef3c8aa3f71b9e197686ca48765b8823,Electronic Arts
1331fad84aafd2d49dd1c959b3cbe744,Nintendo
1331fad84aafd2d49dd1c959b3cbe744,Intelligent Systems
5bd7584fd4f5331c30fa6309d8a215da,Capcom
db1a92f6750b0bf22cfb9f7a822b13a8,Young Horses
66e6937815111297c8dacfc29ccd2dcb,Pandemic Studios
66e6937815111297c8dacfc29ccd2dcb,LucasArts
909e6dc47e9d38fa09d1c9c4619d131d,The Pokémon Company
909e6dc47e9d38fa09d1c9c4619d131d,Game Freak
6b6d1e9edc4c9c6e4608e7027331b041,Konami
f77982c9a3771a28b17535877600391a,Starbreeze Studios
f77982c9a3771a28b17535877600391a,Spike ChunSoft
9f43099c6ddbe3ac4d0813970243fd70,Infinity Ward
9f43099c6ddbe3ac4d0813970243fd70,Activision
184a6295af80a15651d47cc2a6c49c3d,Nintendo
184a6295af80a15651d47cc2a6c49c3d,Rare
7f35ec2eae92fd7239c8800917f22e09,Nintendo R&D1
7f35ec2eae92fd7239c8800917f22e09,Nintendo
36c705b05a19e9dfae00b15d9600f508,Focus Entertainment
36c705b05a19e9dfae00b15d9600f508,Flying Wild Hog
df901d24d002c0a5185294e9ce5d88b6,SIE Japan Studio
df901d24d002c0a5185294e9ce5d88b6,Sony Interactive Entertainment
8cf7aade2cb12b0dd27510a67e64e5b6,Retro Studios
8cf7aade2cb12b0dd27510a67e64e5b6,Nintendo
43eb5bf9111a06182af80c6cd27e14cf,Endnight Games Ltd
1afdd7b205707aa20bcbbc8871510bbb,Deck13 Interactive
1afdd7b205707aa20bcbbc8871510bbb,Radical Fish Games
baf81397f96ee00aa289370ce5eebb7b,Activision
baf81397f96ee00aa289370ce5eebb7b,FromSoftware
b4e4b0ed744f000c0e9cf9d62b0897c9,Volition
b4e4b0ed744f000c0e9cf9d62b0897c9,Deep Silver
4063624c019f523f5e3bee95d8eb6caf,Black Isle Studios
4063624c019f523f5e3bee95d8eb6caf,Interplay Entertainment
62365a442bd56084fc98bd8616a30137,Square
82a15aefa34a91afc0eae756360288b1,"Intelligent Systems Co., Ltd."
82a15aefa34a91afc0eae756360288b1,Nintendo
e62528f6430f8296c70359276643e1d5,Square
e62528f6430f8296c70359276643e1d5,Squaresoft
48b776dc73444b19c9f51da53ab6a5e4,Nintendo
48b776dc73444b19c9f51da53ab6a5e4,Level-5
576252f7a54f59aca82728dd59e16fb0,NIS America
576252f7a54f59aca82728dd59e16fb0,Nihon Falcom
c0a3e69f173101158e8dfd5be51c0acf,Nintendo
c0a3e69f173101158e8dfd5be51c0acf,Cing
21192de1180eaee1eb92f43e8a736a62,Running with Scissors
21192de1180eaee1eb92f43e8a736a62,Whiptail Interactive
9eb8eb0853075661af31cfae17dbbd89,Microsoft Studios
2ca07074287f39fc5210be95ab4b7ea1,Firaxis Games
2ca07074287f39fc5210be95ab4b7ea1,2K Games
c8507cedc1c729ae3dd7b22adafa5501,Lizardcube
c8507cedc1c729ae3dd7b22adafa5501,DotEmu
d7aef6306a7003bd967820a2fee81e35,Atlus
7a8b6a54ea921153356c59782da6df49,HAL Laboratory
7a8b6a54ea921153356c59782da6df49,Nintendo
946d4d9171271583fff512c3b23dcdc4,2K Games
946d4d9171271583fff512c3b23dcdc4,2K Australia
1553bd7b011ce463844d5592cc75f193,"Sony Computer Entertainment, Inc. (SCEI)"
1553bd7b011ce463844d5592cc75f193,Ready at Dawn
95572c21d61fff74f62290e9b2edc176,Nintendo EAD Group No. 2
95572c21d61fff74f62290e9b2edc176,Nintendo
f1fb6c6a03ac2789e8dd9c29954594a4,Ludosity
f1fb6c6a03ac2789e8dd9c29954594a4,Game Mill Entertainment
366394b06acb845df5c64ea38de4607a,Capcom
3ee54c8f9d556908b6c393c2e776d28c,Sonic Team
3ee54c8f9d556908b6c393c2e776d28c,Sega
33749f4dbd007bc3fbedf72d1e9dc2e7,Square Enix
9a653910c522f3a1b783d5e39c7f7331,Capcom
767148ab85db857a87f81542aa884370,Jumpship
b91579d6014487250dcc2198ba0e3c01,Rockstar Games
b91579d6014487250dcc2198ba0e3c01,Rockstar Toronto
b430df13fae85474f37692c68f73d4c3,Take-Two Interactive
b430df13fae85474f37692c68f73d4c3,Gearbox Software
0e7c361af2283fc2c63a59ca8edd709d,Respawn Entertainment
0e7c361af2283fc2c63a59ca8edd709d,Electronic Arts
98279484255352abb56cbe350b714b7e,Electronic Arts
98279484255352abb56cbe350b714b7e,Spicy Horse Games
faffc4daf51aea16d2478283428f4eab,Nintendo
faffc4daf51aea16d2478283428f4eab,Nintendo EPD
95afca9ccbcc161bf6bf5d8d6b71e105,GSC Game World
95afca9ccbcc161bf6bf5d8d6b71e105,THQ
bcef071b2650da93f8d3971518176414,Bandai Namco Entertainment
bcef071b2650da93f8d3971518176414,CyberConnect2
14c17b2e7a0350c3f736ce2a0a6d727e,RobTop Games
37ed9e286045d646f7ccc7972eb5de57,Ubisoft Entertainment
37ed9e286045d646f7ccc7972eb5de57,Ubisoft Paris
74abe650a2186bdceb3e4d6cfab8b6e2,Warner Bros. Interactive Entertainment
74abe650a2186bdceb3e4d6cfab8b6e2,Turtle Rock Studios
4d6e6ee0447e46082c5b4f227dcc0f57,Valve
6010cbad1ceb2257fe1ab8fa72161c31,Sorath
c091313ab0f55fd3f400d2b2a01c77ed,NetherRealm Studios
c091313ab0f55fd3f400d2b2a01c77ed,WB Games
817ddc3e7ec1b5956b67daa99eb3f356,Capcom
817ddc3e7ec1b5956b67daa99eb3f356,Capcom Planning Room 2
a70e964d2bd277ab8b4430cac42ef3a9,Neversoft Entertainment
a70e964d2bd277ab8b4430cac42ef3a9,Activision
d0b755401de4e5b2ab9466ac5faf0b33,Namco
05cd2bc27cb7d3d39fed668c6adabdbe,Playtonic Friends
05cd2bc27cb7d3d39fed668c6adabdbe,Scott Slucher
b9da0b592bd787a57a34fa918e3a7c92,Night School Studio
0bdf26c6fc51ce4cbbe02b8eef872427,Ghost Town Games
0bdf26c6fc51ce4cbbe02b8eef872427,Team17
5491cfacf78345716e9f7184d4578f2b,GoodbyeWorld Games
5491cfacf78345716e9f7184d4578f2b,Skybound Games
bfd173fd04166b4824f39dbba65950f8,Sucker Punch Productions
bfd173fd04166b4824f39dbba65950f8,Sony Computer Entertainment
73f84c803f1803e24d66ce32356b8a91,Drinkbox Studios
d135e09514334697a300dce37576e933,Sega
d135e09514334697a300dce37576e933,Hitmaker
656368f0e625b0599d8238f17c726627,Square Enix
27fb864b1bf53b2dac0bc067ee30c9c8,Maxis
27fb864b1bf53b2dac0bc067ee30c9c8,Electronic Arts
95c4977deba917e71a5099b11e7964f2,Bay 12 Games
95c4977deba917e71a5099b11e7964f2,Kitfox Games
37a8278df4ccfba33477f4cf0dbe4fa7,Namco
f3262ef514b5cda047e268be674d6fc2,Nintendo
f3262ef514b5cda047e268be674d6fc2,Game Freak
85bf8038c7bbdd430cc9a735c861790c,Interplay Entertainment
85bf8038c7bbdd430cc9a735c861790c,Black Isle Studios
88efbce026049e173f97f4a09bc8e97a,Ubisoft Montreal
fea2a1d200c4f812a4a68b49001f7f3c,Microsoft Studios
fea2a1d200c4f812a4a68b49001f7f3c,The Behemoth
d62df0195e4fea175267b5fb4cbd771f,Everything Unlimited Ltd.
8af6575bafd0a8ec50fc12b172b9dae8,Bandai Namco Entertainment
8af6575bafd0a8ec50fc12b172b9dae8,MONKEYCRAFT Co. Ltd
091dfae3e96541bfe79082962c8f3499,Bandai Namco Entertainment
091dfae3e96541bfe79082962c8f3499,CyberConnect2
2c11bf5028cc63e0e400b868097b8174,Capcom
bd4daffe609da239353e7376df2120e9,Namco Bandai Games
bd4daffe609da239353e7376df2120e9,Level-5
3de977d53f89e1776f18d7bf0d60294b,Epic Games
07449cb34ce43e57d85e404ff9eb86f7,Spike ChunSoft
07449cb34ce43e57d85e404ff9eb86f7,NIS America
efd88fe34ab8946218d45b41cbb16ade,Annapurna Interactive
efd88fe34ab8946218d45b41cbb16ade,Beethoven & Dinosaur
933044b7a55a9631bf0722796e9de9fb,Arkane Studios
933044b7a55a9631bf0722796e9de9fb,Zenimax Europe
57e3daebdb27581a21ff53f7ff45a9b2,Bandai Namco Games
57e3daebdb27581a21ff53f7ff45a9b2,NOW Production
3167ed6d1000a8fa4b2f1f39e376b782,kouri
3167ed6d1000a8fa4b2f1f39e376b782,PLAYISM
d30097b573e15ef6270ad084d637bdee,Konami
0edee66c61820d1c14fe0ad5cfe2b10b,07th Expansion
0edee66c61820d1c14fe0ad5cfe2b10b,MangaGamer
c04e54ce545761da63d830b663d44b70,Square Enix
c04e54ce545761da63d830b663d44b70,Deck Nine
435708e405481c08213ec288c8d2856d,Acid Wizard Studio
435708e405481c08213ec288c8d2856d,Crunching Koalas
4fef3b18ce915751e971f262f1c8c3c2,Ubisoft Shanghai
4fef3b18ce915751e971f262f1c8c3c2,Ubisoft
2fc8190a421ed6c743cdd10b3931ea18,Nintendo
2fc8190a421ed6c743cdd10b3931ea18,Nintendo R&D1
48b0f4e7bf0fe3c9831c4ed803d25dbf,Sega AM2
48b0f4e7bf0fe3c9831c4ed803d25dbf,Sega
58b9657750fa48da23827362876130f8,The Indie Stone
a1550e4b78cf83d682f8cb65e3cf210d,Naughty Dog
a1550e4b78cf83d682f8cb65e3cf210d,"Sony Computer Entertainment, Inc. (SCEI)"
02d39dfc318825d3c6deca2fe41e2ce8,Phobia Game Studio
02d39dfc318825d3c6deca2fe41e2ce8,Devolver Digital
e7e8d48b0b2bedfe4137b31f8b9150f0,Microsoft Game Studios
e7e8d48b0b2bedfe4137b31f8b9150f0,Epic Games
48993fc8c6ad5c0001908ae29564903b,Capcom
7b627e82a116261fad78e5cd8febaea4,Nintendo
7b627e82a116261fad78e5cd8febaea4,Capcom
8ea871378a02d6225cd6c01920482aff,Omega Force
8ea871378a02d6225cd6c01920482aff,Electronic Arts
753004a23704adabe6aa46806cf75f24,"Sony Computer Entertainment, Inc. (SCEI)"
753004a23704adabe6aa46806cf75f24,SIE Santa Monica Studio
2da217e383ee2814214fe06588784bf7,Namco Bandai Games
2da217e383ee2814214fe06588784bf7,Monolith Soft
c2bb3b0b99309764cf181a823ed35004,Nintendo
c2bb3b0b99309764cf181a823ed35004,HAL Laboratory
3089a256205d17830a6ea34de53e4d29,Konami Computer Entertainment Tokyo
92eb6dae36c4ea91d80122fe355138fd,WayForward Technologies
92eb6dae36c4ea91d80122fe355138fd,Intergrow
2205c69fa8e2997726f21c587e55fd58,Fancy Force
458fb59277fa2c3ff502ea01c3bc5e0e,Arc System Works
f32b15553cd1017d27b3eeef506a64b5,"Intelligent Systems Co., Ltd."
f32b15553cd1017d27b3eeef506a64b5,Nintendo
ab8847fb5d17782ca39c18a04372b859,Square Enix
ab8847fb5d17782ca39c18a04372b859,Square
4c4918c7c8a38969a6747e5f27de600a,Capcom Development Division 1
4c4918c7c8a38969a6747e5f27de600a,Capcom
5e3fc3f8f0e40cd59f5deba564df0cc7,Konami
5e3fc3f8f0e40cd59f5deba564df0cc7,Palcom
175329efc1848cac15a86949f35faade,New Blood Interactive
175329efc1848cac15a86949f35faade,David Szymanski
ad8dd81308099b2e309dd3dc0c42bac2,Activision
ad8dd81308099b2e309dd3dc0c42bac2,Sledgehammer Games
7927d586a2512a30a7dcc0244897848a,XSEED Games
7927d586a2512a30a7dcc0244897848a,Nihon Falcom
90a332ef3044bb20aa361bc28071c6f8,Konami Digital Entertainment
71efd3afb25ba8f36ee5d45219f94d2e,Nintendo
242f83b60a175048203350770975968a,Nintendo
242f83b60a175048203350770975968a,"ILCA, Inc."
851bfecba7187f6df2d5ac73147ae0b9,Bluehole Studio
851bfecba7187f6df2d5ac73147ae0b9,PUBG Corp
1a18e324bd8ccf24a02d76b027e4a0d8,Extremely OK Games
18c86ced89bdf69aa92fa5d7318a68d2,Nintendo
c90436d0788d33a9fa361ede677c4a32,Atlus USA
c90436d0788d33a9fa361ede677c4a32,Punchline
316b9d262471e2df66d89f33fb8b32ea,Grasshopper Manufacture
316b9d262471e2df66d89f33fb8b32ea,WB Games
26071bfdf3855c7b221cbd573efd92f4,Nintendo
26071bfdf3855c7b221cbd573efd92f4,Game Freak
72dd0d02ed300c6b8995b16b918ee75d,Nintendo
72dd0d02ed300c6b8995b16b918ee75d,Nintendo EAD Tokyo
352ea5c1f20a3f351a4221cb6fe66030,System Erasure
592741a4adebc6103a02bbf08b264ac9,Nippon Ichi Software
592741a4adebc6103a02bbf08b264ac9,NIS America
907d860a201da48b5421220ccc86f16e,Capcom
907d860a201da48b5421220ccc86f16e,U.S. Gold
2f056524ffc708fc73721cb49ff0f81c,Tose
2f056524ffc708fc73721cb49ff0f81c,Capcom
60266c7e91900365e6c8f2ad23aeaaaa,Atlus
36b705334254e085cbe64956def03b6e,Eidos Interactive
36b705334254e085cbe64956def03b6e,Core Design
a983f9fc085d310b036be4f66df62f7c,EA Sports
a983f9fc085d310b036be4f66df62f7c,EA Vancouver
13cb5779c058a9ca397791acd4cb9684,EA Digital Illusions CE
13cb5779c058a9ca397791acd4cb9684,Electronic Arts
b96361eb3928cf7466e9fc3cd57b272d,Telltale Games
b96361eb3928cf7466e9fc3cd57b272d,Skybound Games
332c1ffa7b42b0c6c47eb255d5558cfd,Team NINJA
332c1ffa7b42b0c6c47eb255d5558cfd,Tecmo
803a83e006cd6eea77f6eb81797a77a5,2K Games
803a83e006cd6eea77f6eb81797a77a5,Firaxis Games
3d83f63b2859e27b5e43571c5e57ee73,Ysbryd Games
3d83f63b2859e27b5e43571c5e57ee73,panstasz
f913c6e008e73cd637512928d62be6ca,"Intelligent Systems Co., Ltd."
f913c6e008e73cd637512928d62be6ca,Nintendo
f6944285d7f00503498c90978505b64d,Nintendo SPD Group No. 1
f6944285d7f00503498c90978505b64d,Nintendo
862aa1910b50054312f8a804e2f9f306,Devolver Digital
862aa1910b50054312f8a804e2f9f306,Moppin
9a1936dd326895d7c4f5c5b513a06cf9,Heavy Iron Studios
9a1936dd326895d7c4f5c5b513a06cf9,THQ
4fb63df0ebd67185b8725c721150b0ce,WB Games
4fb63df0ebd67185b8725c721150b0ce,Traveller's Tales
ed50c93c7670ca52db4f91736fdbc5ee,Chunsoft
ed50c93c7670ca52db4f91736fdbc5ee,Square Enix
e40bce50ef2cc35048c669f43b08faba,Miro Haverinen
e40bce50ef2cc35048c669f43b08faba,Happy Paintings
332022f47aa84769016e0a5a48452269,Ubisoft Entertainment
332022f47aa84769016e0a5a48452269,Ubisoft Montreal
3cae394a2afefa53192ef3f814d41ed1,Nintendo
3cae394a2afefa53192ef3f814d41ed1,Sonic Team
bee9ad59f37e85fc611a158cc5c9cbee,DANGEN Entertainment
bee9ad59f37e85fc611a158cc5c9cbee,Moonsprout Games
621aa9fff5f2d77966196b75003fb1e0,Koei Tecmo
621aa9fff5f2d77966196b75003fb1e0,Omega Force
a34d1653f7415230358f7319f37c848f,Traveller's Tales
a34d1653f7415230358f7319f37c848f,WB Games
4c666f00fd64f8f8e9cac3bec0a15cfe,Black Mermaid
4c666f00fd64f8f8e9cac3bec0a15cfe,Humble Games
9ca9bd96df40565d1a302a02d01b6d4a,CD Projekt RED
04a55d578980caab4e1d377355c2f842,Gunfire Games
04a55d578980caab4e1d377355c2f842,Perfect World Entertainment
42c357d68994af2e5cb621a55fa45a05,343 Industries
42c357d68994af2e5cb621a55fa45a05,Microsoft Studios
a0e6650e9402f83f5074d779c0823855,Blizzard Entertainment
57610b844a768b0b7c32af754e15271c,Activision
57610b844a768b0b7c32af754e15271c,Beenox
0b675d0acfd18e8a4b079d7fbd71a1ca,David Szymanski
9fc16e26b4b13ee1d68b5482144bf9b1,Square Enix
9fc16e26b4b13ee1d68b5482144bf9b1,Square
3beffddb31c42239c28a2da3d91ee071,Chunsoft
3beffddb31c42239c28a2da3d91ee071,Sega
0a96850fb689489eb55bf8ab6e6577e9,tinyBuild
0a96850fb689489eb55bf8ab6e6577e9,niceplay game
78cde7c6e44a22225ef27781607fd882,Capcom USA
78cde7c6e44a22225ef27781607fd882,Capcom Production Studio 2
7b46546f8693e6794f817e91c7c16403,Nintendo
7b46546f8693e6794f817e91c7c16403,Monolith Soft
ac90f3aecef0a055f8f74eadc9104f12,Dani
fef30b2b3bbb1c9dd64739ea689ff605,Electronic Arts
fef30b2b3bbb1c9dd64739ea689ff605,Visceral Games
e05d7b94d810776176acc0047cd859a0,Capcom Production Studio 1
e05d7b94d810776176acc0047cd859a0,Capcom
a834041998fabf933042432f8afa9974,Ubisoft Sofia
ccdc79d4d161de8bd7a64ee74bbd9921,Euphoric Brothers
67a024c2044451cafd93c9a8428f48b3,HAL Laboratory
67a024c2044451cafd93c9a8428f48b3,Nintendo
a0ad430da596fba8fcd85c38e4b36553,Red Barrels
b38635710809e8d042d11e5b99617886,FromSoftware
b38635710809e8d042d11e5b99617886,Bandai Namco Entertainment
7f3f3fe63df8ae3811c38867c5142223,Bandai Namco Entertainment
7f3f3fe63df8ae3811c38867c5142223,Level-5
9541f76cfeee862aeda6c1500aafc8ac,Ultra Games
9541f76cfeee862aeda6c1500aafc8ac,Konami
3ca280aea4c7c0a13fa144a27217db42,Capcom
481f7ed27205e711ea6e53a95c8e4657,Lionhead Studios
481f7ed27205e711ea6e53a95c8e4657,Microsoft Game Studios
533c77e419ba9953f8488f94ceb09e7a,Extremely OK Games
5c16d56e0f0dee521d1957fe3926ead0,Nintendo
5c16d56e0f0dee521d1957fe3926ead0,Thomas Happ Games
4f6db9749404f212a44ebc21db3d5618,Square Enix
4b9feb2f30cfa604fd406d861621ff21,Sega
9a81750df7590ba9c63acc6c7837a9e9,Nintendo EAD
9a81750df7590ba9c63acc6c7837a9e9,Nintendo
3d87bba0001f18e1417d75cc1c0bcb02,Nintendo
3d87bba0001f18e1417d75cc1c0bcb02,Skip Ltd.
068f6a3ea54bb56300cfa772810df898,Nintendo EAD
068f6a3ea54bb56300cfa772810df898,Nintendo
7fa66968c5f9ff875d8feb98b04520e6,Ludeon Studios
e724f8d8646bc203fcba3f3e529b5ed5,Level-5
e724f8d8646bc203fcba3f3e529b5ed5,Nintendo
1f121f5a008398b5c179d82058a627f1,Capcom Production Studio 3
1f121f5a008398b5c179d82058a627f1,Capcom
154266d2d153a2b1910cd45fae04f775,Nitroplus
154266d2d153a2b1910cd45fae04f775,JAST USA
713206f06a6b8599e12472b872a44bf8,Gameloft
4e4221f1e36628c329e248baa7baaea5,Capcom
616f8fbc838af68c1192600b5716a015,Bedtime Digital Games
68eed417eb2985b9aa518d4733394ed6,h.a.n.d. Inc.
68eed417eb2985b9aa518d4733394ed6,Marvelous Entertainment
c1cb398e6bf7c3a7fdd98bf7390c6931,Level-5
c1cb398e6bf7c3a7fdd98bf7390c6931,Nintendo
ce836364fca6dbfe0da1a345d1e2857a,Konami
ce836364fca6dbfe0da1a345d1e2857a,Silicon Knights
e537159fdfa5ebfa24724512bc1a52dc,Griptonite Games
e537159fdfa5ebfa24724512bc1a52dc,Electronic Arts
1736c01b9281e4b423a3481ff1e75faa,Inti Creates
1736c01b9281e4b423a3481ff1e75faa,Capcom
e8ee45bc5771b9983cbffdcc0e84af98,The Coalition
e8ee45bc5771b9983cbffdcc0e84af98,Xbox Game Studios
46495103363f4e384facb658916ddea6,Radical Entertainment
46495103363f4e384facb658916ddea6,Sierra Entertainment
385808dd7ffef6b5410ec81d579f9a5f,Remedy Entertainment
385808dd7ffef6b5410ec81d579f9a5f,Epic Games
54d985f62c67d9853690520af1c25a75,Square Enix
da5904d3482ea338c59b9536344f3964,Atari
da5904d3482ea338c59b9536344f3964,CD Projekt RED
690cafe085f29e338cc4df65c498c1d9,Square
690cafe085f29e338cc4df65c498c1d9,Square Enix
0ec7429498f145dae707c0d954a4f495,Konami
146123c465f4b813fefa8a52948829e3,etherane
0065d46630e230413655028c20e65b2b,Pandemic Studios
0065d46630e230413655028c20e65b2b,LucasArts
768e3db25f0965d5fb167d45f712aa1d,Treasure
56b0fd0ca5129c69a56ed52fa534eb3a,Blizzard Entertainment
793eeafeb14c4bf199834419040a2cb9,Nihon Falcom
793eeafeb14c4bf199834419040a2cb9,XSEED Games
60ebb8ca2cadf1fea726e866aea138db,Rogue Entertainment
60ebb8ca2cadf1fea726e866aea138db,Electronic Arts
914037cfb3f0ea4460a50a3893223691,Infinity Ward
914037cfb3f0ea4460a50a3893223691,Activision
ac270552c37d4f398c76c83ad4469029,FromSoftware
ac270552c37d4f398c76c83ad4469029,Agetec
aad8a3321597ee189dc2505ebc418cb5,Supercell
573ad8a7f14922c79f56b1de93c66614,TYPE-MOON
573ad8a7f14922c79f56b1de93c66614,Kadokawa Shoten
0f314946b9ec73457c03afb280fac79b,Berserk Games
8f6f80f3e7fa616c6e4892e23d5cd07d,Misfits Attic
42e4a9e88b8f31500543280d31e4922b,Remedy Entertainment
42e4a9e88b8f31500543280d31e4922b,505 Games
01010e5e347332506e839ec1fbb30c60,Nintendo
01010e5e347332506e839ec1fbb30c60,"Intelligent Systems Co., Ltd."
1b7a377ee7b7870026448e1da8c45faa,Team Shanghai Alice
4a8a786a01516c2944bf075ceb7250a9,WolfEye Studios
4a8a786a01516c2944bf075ceb7250a9,Devolver Digital
b4fe45318b7e3dcf68ccb40b37e4477f,Chunsoft
b4fe45318b7e3dcf68ccb40b37e4477f,Nintendo
84a258c066568b54ce6dd0f2a0270f8e,Nintendo of America
84a258c066568b54ce6dd0f2a0270f8e,Nintendo EPD
a688f64dacfeb47ed637f3367e8dae86,Dimps
a688f64dacfeb47ed637f3367e8dae86,Bandai Namco Entertainment
6101636142523e74de1990a6f128a3a5,Treyarch
6101636142523e74de1990a6f128a3a5,Activision
f268dd08857074e79754abd702869194,Sony Computer Entertainment
f268dd08857074e79754abd702869194,FromSoftware
283c07c6c89364a39055bedab60f0a96,Gabe Cuzzillo
283c07c6c89364a39055bedab60f0a96,Devolver Digital
40be45f6d32ad2169909f6c2db4a3d90,"Intelligent Systems Co., Ltd."
40be45f6d32ad2169909f6c2db4a3d90,Nintendo
c9f82ced156a9705444beffc0f388fa6,Sega
c9f82ced156a9705444beffc0f388fa6,Sonic Team
7eaf3484ef9ca7ee6ec0348820d5165f,Ubisoft Montreal
7eaf3484ef9ca7ee6ec0348820d5165f,Ubisoft Entertainment
25ca4c76be79ee80c542ca7f550a7f52,Cardboard Computer
25ca4c76be79ee80c542ca7f550a7f52,Annapurna Interactive
6947fc58294c35ac4d10cf976df54bba,Wube Software LTD.
e84677864cb21df30bebc9359e2ff4c5,Ubisoft
e84677864cb21df30bebc9359e2ff4c5,Ubisoft Chengdu
bf824584d38d267b3cf665c68838ead9,Capcom
ba6353e6997d72262195d0b3891649b0,Halfbrick Studios
e84639e3e1e226a270f849f3978c3822,Bethesda Softworks
e84639e3e1e226a270f849f3978c3822,id Software
0ee1b221bb145beb1707e74ef16bcb4e,Ubisoft Entertainment
0ee1b221bb145beb1707e74ef16bcb4e,Massive Entertainment
c6bd8d0aad17fabcfcb337cc5f076463,Crytek Frankfurt
c6bd8d0aad17fabcfcb337cc5f076463,Electronic Arts
510449e32ecd7ac46fb0d7a94f2b9c74,Capcom Production Studio 4
510449e32ecd7ac46fb0d7a94f2b9c74,Capcom
e4d08d18edd036de31c00242e18fcdf5,Vlambeer
88226bcfffc28fa5a99396c52bb46374,Terry Cavanagh
88226bcfffc28fa5a99396c52bb46374,Distractionware
06a2e7f2419943a3e1feb6ecc4c68f34,WB Games
06a2e7f2419943a3e1feb6ecc4c68f34,Monolith Productions
e0209d5537352a1c59126e311c4f0003,SCE Santa Monica Studio
e0209d5537352a1c59126e311c4f0003,Sony Computer Entertainment
7da2aa862f7a7d6f3ca9d42cdcb9652c,Nintendo
7da2aa862f7a7d6f3ca9d42cdcb9652c,Armor Project
f9cadc70cc7bb26a70bb5baca52abd49,Fizz Creations
e3d9541fd0214127c4adb0ff9a9f28e6,Paradox Interactive
e3d9541fd0214127c4adb0ff9a9f28e6,Taleworlds
a7b27cb037635f414e94cd77121814a2,Capcom
5ff8e774ab01ded86aa1bf3c405c941d,"Jackbox Games, Inc."
0b2f999ef18196502420ec8f84771446,Bandai Namco Entertainment Europe
0b2f999ef18196502420ec8f84771446,B.B. Studio
5d97abef29f2ed44740a1672eb4a4c19,Atlus
5d97abef29f2ed44740a1672eb4a4c19,Vanillaware
bba3e97b4869a4cea957e220acbbb859,People Can Fly
bba3e97b4869a4cea957e220acbbb859,Electronic Arts
679e35d8c63f04e7070ecacf0e9a2e34,Atari
679e35d8c63f04e7070ecacf0e9a2e34,CD Projekt RED
a67872d80d054232d7a04906684f98d2,Eric Lost
b8eb29a873c90bf1bc60f6e6e14689a4,Nintendo
b8eb29a873c90bf1bc60f6e6e14689a4,Nintendo EAD Group No. 2
715dda4f1ddc8745d6febce2ed39eef0,Microsoft
7d759dff61d718f3d0a9e5aeda93db6a,Sega
050b397bcd919c33a87c08ef1f213b98,Hudson Soft
050b397bcd919c33a87c08ef1f213b98,Nintendo
e8861c8ef1703b45228b9e349440a3fa,Nintendo
e8861c8ef1703b45228b9e349440a3fa,Hudson Soft
e3b317f0b60d95eaa01629d2a017f1de,PopCap Games
38cb57851be6ea1e960829206ba8953d,Ndemic Creations
fac976997eb5cc5e9a5ba53ae1ef3e75,LucasArts
fac976997eb5cc5e9a5ba53ae1ef3e75,The Collective
6d32c41799c44321f9deb4a18acf7e2a,Ubisoft Entertainment
6d32c41799c44321f9deb4a18acf7e2a,Ubisoft Montreal
d316d4461981d6949c947bbac0ec5f70,Looking Glass Studios
d316d4461981d6949c947bbac0ec5f70,Origin Systems
6f79ce9911e301c4d50eb1ca6ae433a3,Nintendo
6f79ce9911e301c4d50eb1ca6ae433a3,Sonic Team
d499922504d5f596a7b4759a861dd7d5,THQ
d499922504d5f596a7b4759a861dd7d5,Pandemic Studios
852103b9cc6c6c767dcb3838ba7e195e,Virgin Interactive Entertainment (Europe) Ltd.
852103b9cc6c6c767dcb3838ba7e195e,Capcom
aff82d575a4c8390aa22363de4807e43,Square Enix
aff82d575a4c8390aa22363de4807e43,Nintendo
5132b4aa77f4ea068178cdaf548f0974,Sega
f1581145c3759c49a5f72949b8ce37db,Activision Blizzard
f1581145c3759c49a5f72949b8ce37db,Beenox
47fd74c2a780e0295ea3752c6ec072dd,Capcom
ad11fbd60059b9185b1e0088b985b36e,Parsec Productions
fd1f899277562a63b8ca92317c0d531e,Klei Entertainment
fd1f899277562a63b8ca92317c0d531e,Microsoft Studios
dbcd70f2a53b562bc717cbc87250c696,Young Horses
7cf6a5a5d9b74a718772d9c19dbaf0cd,Spike
7cf6a5a5d9b74a718772d9c19dbaf0cd,Bandai
1cb35fb4010750076e73c2d517e246e7,SNK Corporation
1cb35fb4010750076e73c2d517e246e7,SNK
dbb86b9073cb880e30d93fc08948c78c,Tripwire Interactive
dbb86b9073cb880e30d93fc08948c78c,Deep Silver
ad65aed204910e72256a4adad85c9fc0,SCE Japan Studio
ad65aed204910e72256a4adad85c9fc0,Sony Computer Entertainment Europe
f406fba34950af9af7e28c5614753faf,Konami
fd822dcb82a8feeb5868fae80e0fad86,Activision
fd822dcb82a8feeb5868fae80e0fad86,Traveller's Tales
a3d87f859dd61ab8c08368c82fb84459,Ubisoft Entertainment
a3d87f859dd61ab8c08368c82fb84459,Ubisoft Montpellier
be084d3c0c90643219373a9881841199,Activision
be084d3c0c90643219373a9881841199,FUN Labs
ef6a6302bc5f9549c30deec956051248,Spike
ef6a6302bc5f9549c30deec956051248,PlatinumGames
74713721025f769608c29f105717fc8d,Activision
74713721025f769608c29f105717fc8d,Treyarch
13c44b4bddbb62551ef45d437d51ffdc,Flying Wild Hog
13c44b4bddbb62551ef45d437d51ffdc,Majesco Entertainment
a148ccdc9122993395872a864c6763ec,Blizzard Entertainment
a148ccdc9122993395872a864c6763ec,Sierra Entertainment
1f312896a338dffca6807482633b2661,Sega
6ac032ee25e8e616c9247f9b5bd399af,Atlus
36a130d43b50748371715c4357169ba0,Arc System Works
36a130d43b50748371715c4357169ba0,Atlus
d790147ea2433cf92e13d79782c039f3,5th Cell
d790147ea2433cf92e13d79782c039f3,Konami
0865ea798b0b037fc1c010e74940c3f4,MTV Games
0865ea798b0b037fc1c010e74940c3f4,Harmonix Music Systems
184057102844784d7f522a1b64d6a721,FromSoftware
184057102844784d7f522a1b64d6a721,Sega
e4637954f57c1a5a9eac4a2af0caebc6,Enhance Games
e2b743cb81aff2e6d8f0d01af865a932,Electronic Arts
e2b743cb81aff2e6d8f0d01af865a932,PopCap Games
3783a1351e73c19ae5cbe49f02d85650,Spike ChunSoft
3783a1351e73c19ae5cbe49f02d85650,Brace Yourself Games
bebd4ec7ec0412f97d821ed008de30f4,Orange_Juice
bebd4ec7ec0412f97d821ed008de30f4,Fruitbat Factory
69561d2765ba2091c2711e8bf59f7f98,Bandai Namco Entertainment
28a3a3d913ab37de767f37324dd26051,Midway Games
b28ac0bba4227b2a0e03c7965f1589f4,Chunsoft
b28ac0bba4227b2a0e03c7965f1589f4,Nintendo
2449fd4f58272b22f078a4a37c6ffaf1,Punchline
cf90b1e58903b8e9ea1f7f866b61093f,Vicarious Visions
cf90b1e58903b8e9ea1f7f866b61093f,Universal Interactive Studios
dd852187d042aaa5c1302dfcfcfe953b,Sega
dd852187d042aaa5c1302dfcfcfe953b,Taito Corporation
5dfeeb983e4af2e2b9e16314e3acbf98,XSEED Games
5dfeeb983e4af2e2b9e16314e3acbf98,WayForward Technologies
111ae282a8f65f706605457c2eec7cd2,Nokia
bb1fff478ffdd44f954c7a7e2154dcbb,Namco Tales Studio
bb1fff478ffdd44f954c7a7e2154dcbb,Bandai Namco Entertainment
6fc2b961fdfeb12e2373e2278d4fdc62,Capcom Production Studio 1
6fc2b961fdfeb12e2373e2278d4fdc62,Capcom
666b16c06fee1679b03439d04f08d36f,"Intelligent Systems Co., Ltd."
666b16c06fee1679b03439d04f08d36f,Nintendo
34e1fd517a648c04fa45120b889330bb,Nintendo
34e1fd517a648c04fa45120b889330bb,AlphaDream
1779c0258b137aadabac80a05ec60cd6,Konami Computer Entertainment Tokyo
1779c0258b137aadabac80a05ec60cd6,Konami
acb1907532a27c7e2a66abb00e3f9f73,Sega
acb1907532a27c7e2a66abb00e3f9f73,Ryū Ga Gotoku Studios
00d2a4f470a96944652c9b083176a9af,Atlus
00d2a4f470a96944652c9b083176a9af,Ghostlight Ltd.
e98e98de5389c6c071ae264d6f1e876c,CyberConnect2
e98e98de5389c6c071ae264d6f1e876c,Bandai Namco Entertainment
b913d0c9ceffaa5d603e4cba701c1efc,Valve
b913d0c9ceffaa5d603e4cba701c1efc,Invisible Handlebar
92d6bb6b5ce1435c9d4e7b8e13958d15,Big Trash Games
e77ff57a3186c6e2fac2415369705606,Lucasfilm Games
e77ff57a3186c6e2fac2415369705606,JVC Musical Industries
1851560a53d902ef99d86cdba9ca9432,Insomniac Games
1851560a53d902ef99d86cdba9ca9432,"Sony Computer Entertainment, Inc. (SCEI)"
2fc528248b928d4a0a9e37ca62d42fb4,Sold Out Sales & Marketing
2fc528248b928d4a0a9e37ca62d42fb4,Rebellion Developments
d3ebf3d203f59dea9d563e7c613808a6,Kojima Productions
d3ebf3d203f59dea9d563e7c613808a6,Konami
0b41a1f4c5a64a6050ddb1aa98866ee4,Electronic Arts
0b41a1f4c5a64a6050ddb1aa98866ee4,Fox Interactive
e667f123d73046bbcc33b37c2627e1e1,Arc System Works
e667f123d73046bbcc33b37c2627e1e1,French Bread
e8ed50eed34a69ad28ecee7b53b4455c,Grinding Gear Games
d1120de96321ee4e99b284b88a44fa4d,Amanita Design
262bb1a31725ad0ff8335f91e99d67f8,Drinkbox Studios
262bb1a31725ad0ff8335f91e99d67f8,Spike ChunSoft
4d95ff75a57c695ebaffbcfcf13fdb7a,Bandai Namco Entertainment
4d95ff75a57c695ebaffbcfcf13fdb7a,tri-Crescendo
fa665e77107316ae99a08f862c26b1e2,Electronic Arts
fa665e77107316ae99a08f862c26b1e2,Criterion Games
972d3c6743b8590f0775c1459b83dd50,Namco Bandai Games
972d3c6743b8590f0775c1459b83dd50,Nintendo
fc2713ca6646189237a1ac441c28d8a3,Team17
fc2713ca6646189237a1ac441c28d8a3,Infogrames Europe
e243c6999030216d8588f37adb3584b0,Capcom
0f6f487f39264b2666b9df939ecf66e1,Namco
0f6f487f39264b2666b9df939ecf66e1,Namco Hometek
154c89755bd8e0c17d4695f6aaf7a288,Eidos Interactive
154c89755bd8e0c17d4695f6aaf7a288,Crystal Dynamics
9b9d50e139e7f838031cedb4900fb345,Capcom Production Studio 3
9b9d50e139e7f838031cedb4900fb345,Capcom
6e54a2fbd3bbff675159377550e98fca,Square Enix
6e54a2fbd3bbff675159377550e98fca,Nintendo
11a7364a140f42699f2d92f9e420d420,Inti Creates
11a7364a140f42699f2d92f9e420d420,Capcom
bed407b2cdb1f54ccac85dc16a9fec41,Konami
63d7b77a7f6af7f9b6251647c0723126,Arc System Works
63d7b77a7f6af7f9b6251647c0723126,White Owls Inc.
1acca894ad5805ab071981129a4bcef2,Team Silent
1acca894ad5805ab071981129a4bcef2,Konami
6d3b40ecd19d1038d42044615531a4f0,Illfonic
6d3b40ecd19d1038d42044615531a4f0,Gun Interactive
69d63b603b21e16279ed654c45c02727,id Software
69d63b603b21e16279ed654c45c02727,Activision
132d6ccccf07bd6749d377c57b34d75a,Midway
6394db1eaede9a9a85a30e75d46958b6,Square Enix
ec879b2a7e0861e31d1b475d52c729b1,Nintendo
ec879b2a7e0861e31d1b475d52c729b1,Nintendo Software Technology
3d3d750b8bbb922b59f785c286b67032,Lo-Fi Games
6d4573598f6736470aa759b7938116b9,Capcom
6d4573598f6736470aa759b7938116b9,DON'T NOD
bdd235ad3587526e43fa9790aaebc42b,Obsidian Entertainment
bdd235ad3587526e43fa9790aaebc42b,Sega
4f5062ed41d16867e1451d213e59d25b,Lab Zero Games
4f5062ed41d16867e1451d213e59d25b,505 Games
d61a69c7a48147d65421699af5b37e9c,Necrophone Games
d61a69c7a48147d65421699af5b37e9c,Adult Swim Games
d1cb576fde2d070dac7c03ef23fc13fd,Criterion Games
d1cb576fde2d070dac7c03ef23fc13fd,Electronic Arts
a48f0734a401ad8abb0c0d0049342847,NOVECT
a48f0734a401ad8abb0c0d0049342847,MangaGamer
7abdc40b5382fab42f7d54877c9f2eb5,Brace Yourself Games
341eaa1562bbb33c49916156a9fbc4eb,Sega
341eaa1562bbb33c49916156a9fbc4eb,Team Shinobi
06c7e96dcd185b8f823e1a711b50b812,Nordic Games Publishing
06c7e96dcd185b8f823e1a711b50b812,Double Fine
ba88c45e2508f68d74d1101fe6d52ddd,Furious Bee Limited
ba88c45e2508f68d74d1101fe6d52ddd,Annapurna Interactive
c14281aed2c4d1e72cc588ff7723ccf6,Volition
c14281aed2c4d1e72cc588ff7723ccf6,Deep Silver
bab14a9eebdaab37b87faeaa8132d361,"Sony Computer Entertainment, Inc. (SCEI)"
bab14a9eebdaab37b87faeaa8132d361,High Impact Games
20a499add3d28a45a35c91565a50ff26,Nintendo
20a499add3d28a45a35c91565a50ff26,Square Enix
7874e7fe631f4b4c3590417e81f36f94,Nintendo
7874e7fe631f4b4c3590417e81f36f94,Camelot Software Planning
998a064e09515af51744bec8ea240a23,Steel Crate Games
26df33d932a7ad9da1fb1c433e902361,Facepalm Games
26df33d932a7ad9da1fb1c433e902361,Curve Digital
87daf867f94bc9f36e1b486900fce68e,"Atari, Inc."
87daf867f94bc9f36e1b486900fce68e,General Computer Corporation (GCC)
85de03fcf3ca7adb6a2e3ce2a9a881fb,Activision
85de03fcf3ca7adb6a2e3ce2a9a881fb,Rebellion Developments
c64cdf76359ef592ae6a7b8ff4c9fbe4,Bandai
c64cdf76359ef592ae6a7b8ff4c9fbe4,CyberConnect2
bb1540a2f90dbb142fea0d551aff51b0,id Software
bb1540a2f90dbb142fea0d551aff51b0,Activision
37003fa44138000c934fc7a03005386d,Titus Software
37003fa44138000c934fc7a03005386d,WB Games
a4b079b8d19321669b15f80556098684,Reikon Games
a4b079b8d19321669b15f80556098684,Devolver Digital
c6b376ceb55ad62827ba53938a86b784,Electronic Arts
c6b376ceb55ad62827ba53938a86b784,Hypnos Entertainment
37a29e6279bf5ffbc82a8aa99259d181,Chunsoft
37a29e6279bf5ffbc82a8aa99259d181,Enix America Corporation
f6bd001af96c432ef98057e44f505356,Torn Banner Studios
f6bd001af96c432ef98057e44f505356,Activision
b818a18329abd6b996e81f53482d8d53,EA Sports
b818a18329abd6b996e81f53482d8d53,EA Canada
a5fad2e91ccb3dde22dea77554b5942a,Gaijin Games
a5fad2e91ccb3dde22dea77554b5942a,Aksys Games
aacf7aaa18d15b10e225e9597ef1c8d5,Nintendo
aacf7aaa18d15b10e225e9597ef1c8d5,Jupiter Corporation
20dcd584a4b06dd2b8a2fb14676a1678,Electronic Arts
20dcd584a4b06dd2b8a2fb14676a1678,EA Canada
e7740593e9f621f2bd502f1f47ec1f3d,GR3 Project
e7740593e9f621f2bd502f1f47ec1f3d,Rising Star Games
f96f174edf31855a752926e820b268bd,Rockstar Toronto
f96f174edf31855a752926e820b268bd,Rockstar Games
19eaa710dfe38e323cfc2f3502d2f3ec,NetherRealm Studios
19eaa710dfe38e323cfc2f3502d2f3ec,WB Games
d48791cd57966eea1fdf0cf41a8f1a8f,5pb.
d48791cd57966eea1fdf0cf41a8f1a8f,Spike ChunSoft
a959c8cc6b57c3c35d4698561e2f4259,MangaGamer
a959c8cc6b57c3c35d4698561e2f4259,07th Expansion
273b8899be5d79a0cbbd91c3fb51e4b2,sprite
273b8899be5d79a0cbbd91c3fb51e4b2,Piacci
da8722c68b141109bbbbfdbf2d15d009,WayForward Technologies
da8722c68b141109bbbbfdbf2d15d009,WayForward
b1c790df28b6f554faacc17558c2e40d,Inti Creates
b1c790df28b6f554faacc17558c2e40d,Capcom
f1d559bf2956e05aafceb5ae0fb7ad72,PopCap Games
72659fca4bc754a374f8fb187520c636,Lowtech Studios
72659fca4bc754a374f8fb187520c636,Steve Howse
f6717528ff7cf909c8251f53ae7c23d0,Eat Sleep Play Inc.
f6717528ff7cf909c8251f53ae7c23d0,Sony Computer Entertainment
c200f2ae733ad7facea6414e2d706656,BioWare Edmonton
c200f2ae733ad7facea6414e2d706656,Electronic Arts
212c29076f77d7bf4975aeeb3c560b38,Square
212c29076f77d7bf4975aeeb3c560b38,Square Soft
939922e3a38857050224ff350e806662,"Jackbox Games, Inc."
706133a915f1c63008a5c03977508852,Ubisoft Shanghai
706133a915f1c63008a5c03977508852,Ubisoft Entertainment
e10490ba901d3209c8c6cd9e3dcedd50,Overkill Software
e10490ba901d3209c8c6cd9e3dcedd50,Daybreak Game Company
4025aafae269c601db9d045737ad1de5,Nintendo
4025aafae269c601db9d045737ad1de5,Ambrella
fbac59335c79b5357c7a183d7436eedb,THQ
fbac59335c79b5357c7a183d7436eedb,Blue Tongue Entertainment
1a7ab9ba27b0de78f225696479601981,Riot Forge
1a7ab9ba27b0de78f225696479601981,Airship Syndicate
f7a496408d763b0ec2daf66957c1ce87,Jupiter Corp.
f7a496408d763b0ec2daf66957c1ce87,Jupiter Corporation
aba8f1edadcb42bfb336b85f16a5ca21,Dingaling
74a60878616194b712201b26d0afc6ae,SNK
74a60878616194b712201b26d0afc6ae,HAMSTER Corporation
9b0dd9108dcb27b6cb4715e46e6b1414,38 Studios
9b0dd9108dcb27b6cb4715e46e6b1414,Electronic Arts
f3d5d74372cad7002df6c77c7f4d6375,DMA Design
f3d5d74372cad7002df6c77c7f4d6375,Take-Two Interactive
22e9d9ad88daea1c75dff48c4e49d5a5,Paradox Interactive
22e9d9ad88daea1c75dff48c4e49d5a5,Paradox Development Studio
5d90b4012f5d0fc46946e4cc2813deb7,Aspect Co. Ltd
5d90b4012f5d0fc46946e4cc2813deb7,Sega
8b39e8d6a68286c22d98aa80a45ea8d6,Activision
8b39e8d6a68286c22d98aa80a45ea8d6,Neversoft Entertainment
81cbc8a2e0bb1bbc825a4a7c447435e3,Double Helix Games
81cbc8a2e0bb1bbc825a4a7c447435e3,Konami
6e14ddd85587269d17a4ba609ecac465,Inti Creates
6e14ddd85587269d17a4ba609ecac465,Deep Silver
d00406cdaa28be221fff38478a5a0d06,Tose
d00406cdaa28be221fff38478a5a0d06,Bandai
39ae157cd1db217ad766f17bc75c2623,Guerrilla Games
39ae157cd1db217ad766f17bc75c2623,"Sony Computer Entertainment, Inc. (SCEI)"
aca1d7aa969e217f17040645b1293f1e,THQ
aca1d7aa969e217f17040645b1293f1e,"YUKE'S Co., Ltd."
65d8074bd067c9dd3d5edae7cdcc4d85,Dead Mage
65d8074bd067c9dd3d5edae7cdcc4d85,11 bit studios
91855833ad3c0186c48162f1b43cf3ae,Electronic Arts
91855833ad3c0186c48162f1b43cf3ae,EA Redwood Shores
a193753441e201ebf3f0dee017d3b5f5,Sonic Team
a193753441e201ebf3f0dee017d3b5f5,Sega
876b980de657c6529854ca6553783476,Bandai Namco Entertainment
978033c969295cba2919a4d2d4146af6,Ninja Kiwi
d97409953c2646e5ca89cd01f09271bb,Capcom
d97409953c2646e5ca89cd01f09271bb,"Virgin Interactive Entertainment, Inc."
39ace7dce2752fed6132c12f8f4a1327,Virgin Interactive Entertainment (Europe) Ltd.
39ace7dce2752fed6132c12f8f4a1327,Delphine Software
9202a7f1ecf68d759302a7663da04343,Telltale Games
86dc3f84a24b29ded9cfa18b683c78d4,Sumo Digital
86dc3f84a24b29ded9cfa18b683c78d4,Sega
e93d7dfe4131ade5a5eaae1bc3ee377b,Capcom
5af8cfc6c4d52d5880da7fda7b0a0bab,Larian Studios
30151ada2f452424576dea19849435d9,WB Games
30151ada2f452424576dea19849435d9,TT Fusion
